Date,Open,High,Low,Close,Volume
2022-12-16 15:15:00,789.2,860.0,778.9,850.0,4454380.274387209
2022-12-16 15:30:00,850.0,855.2,783.3,815.0,2443838.274814828
2022-12-16 15:45:00,815.0,823.7,789.8,801.9,952591.0194715303
2022-12-16 16:00:00,804.2,809.8,760.0,765.9,1262783.5427940767
2022-12-16 16:15:00,765.9,774.7,688.0,723.7,2039120.8385568669
2022-12-16 16:30:00,723.9,757.0,719.1,741.0,969923.6451937841
2022-12-16 16:45:00,741.0,785.0,735.3,753.1,953693.2205165101
2022-12-16 17:00:00,745.5,766.2,745.5,754.6,331653.01003552624
2022-12-16 17:15:00,754.6,773.1,750.1,762.0,326702.5958226728
2022-12-16 17:30:00,761.9,768.7,750.5,755.0,188336.0624529422
2022-12-16 17:45:00,753.8,754.6,700.0,719.7,787723.2769414571
2022-12-16 18:00:00,718.7,744.0,701.1,710.0,462243.28281481384
2022-12-16 18:15:00,709.4,715.1,672.0,685.0,767992.9910110463
2022-12-16 18:30:00,685.4,711.3,682.7,693.1,419743.21585997206
2022-12-16 18:45:00,693.3,698.0,677.7,688.0,233955.45122639518
2022-12-16 19:00:00,688.0,689.2,644.0,644.0,770120.7059058582
2022-12-16 19:15:00,643.2,657.1,632.2,657.1,541389.8465766013
2022-12-16 19:30:00,657.0,677.0,642.0,676.5,2763827.481363476
2022-12-16 19:45:00,674.9,676.5,646.9,653.7,8337754.252803289
2022-12-16 20:00:00,653.7,665.0,651.3,657.1,17084367.292805437
2022-12-16 20:15:00,657.0,657.1,630.1,640.1,22518439.85980379
2022-12-16 20:30:00,640.5,652.8,633.9,641.0,159570.5681218041
2022-12-16 20:45:00,639.8,646.3,627.5,642.6,165131.12018800233
2022-12-16 21:00:00,642.6,653.0,642.6,648.0,154334.75778643542
2022-12-16 21:15:00,648.0,677.8,648.0,677.8,197375.0157842818
2022-12-16 21:30:00,677.8,686.8,665.8,679.1,334579.20754850603
2022-12-16 21:45:00,679.1,700.0,677.5,686.4,404922.93254746054
2022-12-16 22:00:00,683.6,695.7,679.6,682.0,172560.9763199773
2022-12-16 22:15:00,682.1,687.4,660.2,662.0,245212.73004934515
2022-12-16 22:30:00,666.8,684.8,658.6,684.8,143548.54173060693
2022-12-16 22:45:00,684.8,688.6,670.0,684.0,106354.95063167496
2022-12-16 23:00:00,682.0,683.9,670.0,671.2,3557919.3272231463
2022-12-16 23:15:00,671.3,745.9,671.0,745.2,11005781.407267159
2022-12-16 23:30:00,745.2,767.5,722.7,740.2,13833276.576102411
2022-12-16 23:45:00,740.2,766.5,737.7,752.0,2465213.498706831
2022-12-17 00:00:00,752.0,775.2,694.7,715.3,1566559.8206716762
2022-12-17 00:15:00,715.3,740.0,700.0,707.6,525110.4010712681
2022-12-17 00:30:00,707.6,725.0,699.8,708.5,14061012.469666101
2022-12-17 00:45:00,708.5,762.8,706.0,756.5,31179955.990426917
2022-12-17 01:00:00,761.9,762.0,707.6,721.5,5799388.535187586
2022-12-17 01:15:00,721.4,730.8,710.0,717.6,172912.42562124453
2022-12-17 01:30:00,717.6,728.1,713.8,713.8,91688.65832438048
2022-12-17 01:45:00,713.8,718.4,710.0,710.0,46429.2291
2022-12-17 02:00:00,710.0,718.7,707.2,717.7,1093933.038962607
2022-12-17 02:15:00,717.5,717.5,708.3,714.6,4051705.897178246
2022-12-17 02:30:00,714.6,716.2,702.7,703.0,9036043.967844652
2022-12-17 02:45:00,704.3,704.3,690.0,690.7,94708.3861
2022-12-17 03:00:00,691.7,692.4,673.1,685.9,134423.3122858847
2022-12-17 03:15:00,681.7,694.0,680.4,693.8,29879.5428
2022-12-17 03:30:00,693.8,698.0,681.7,685.0,2820397.6841
2022-12-17 03:45:00,685.2,685.2,673.8,676.9,4650875.970917518
2022-12-17 04:00:00,674.0,689.9,673.8,683.5,27245.3644
2022-12-17 04:15:00,683.5,683.5,678.2,678.6,5647.3651
2022-12-17 04:30:00,678.6,721.5,678.1,709.5,60723.68989926732
2022-12-17 04:45:00,698.6,708.8,692.7,699.1,32978.131196404625
2022-12-17 05:00:00,693.3,705.1,693.3,695.9,19961.977992738386
2022-12-17 05:15:00,695.8,695.8,675.0,680.3,68468.78152114508
2022-12-17 05:30:00,680.4,698.4,675.9,698.2,69937.00839990853
2022-12-17 05:45:00,697.8,730.0,690.5,711.2,115426.09434561364
2022-12-17 06:00:00,710.2,730.0,700.1,717.3,102253.73089994794
2022-12-17 06:15:00,716.9,716.9,700.0,701.8,43171.94475959288
2022-12-17 06:30:00,701.8,711.6,701.5,711.0,15367.046839675559
2022-12-17 06:45:00,705.1,711.2,683.7,698.6,56391.73118834969
2022-12-17 07:00:00,698.2,698.2,689.2,691.5,43774.69833334946
2022-12-17 07:15:00,691.5,721.6,691.5,702.1,144784.9025562231
2022-12-17 07:30:00,707.3,714.0,688.0,688.0,85024.01985898217
2022-12-17 07:45:00,688.0,698.1,688.0,698.1,97985.72182116684
2022-12-17 08:00:00,698.1,709.0,686.1,686.7,94377.44307492125
2022-12-17 08:15:00,686.8,693.5,677.6,678.1,110876.43724494998
2022-12-17 08:30:00,678.0,678.1,652.1,668.1,225572.78328857356
2022-12-17 08:45:00,667.7,670.0,634.5,663.9,372755.5655920727
2022-12-17 09:00:00,663.9,663.9,657.0,663.1,77926.21367892512
2022-12-17 09:15:00,664.0,688.0,663.1,681.1,118468.01237928144
2022-12-17 09:30:00,680.8,693.0,672.9,688.0,70294.56895997949
2022-12-17 09:45:00,688.0,688.0,658.3,669.8,75493.5019645037
2022-12-17 10:00:00,668.8,670.0,643.0,649.1,2159554.269166501
2022-12-17 10:15:00,649.1,658.5,636.6,642.6,5414448.215708634
2022-12-17 10:30:00,654.6,654.6,637.0,646.3,658591.4168053578
2022-12-17 10:45:00,646.3,649.8,622.2,636.7,247969.55854189006
2022-12-17 11:00:00,636.7,643.8,625.2,625.2,91964.24780495092
2022-12-17 11:15:00,627.3,632.1,602.8,609.8,261818.18338204335
2022-12-17 11:30:00,609.8,628.5,609.8,619.1,177789.5777000351
2022-12-17 11:45:00,619.1,628.7,619.1,626.7,54458.95608356727
2022-12-17 12:00:00,626.7,634.9,622.3,633.7,74258.35111351794
2022-12-17 12:15:00,628.2,664.9,628.2,648.4,133793.18607626017
2022-12-17 12:30:00,643.5,655.0,636.0,637.2,59700.522471093296
2022-12-17 12:45:00,642.4,642.5,636.0,636.0,30170.48083424309
2022-12-17 13:00:00,637.0,641.9,629.0,629.0,43854.031375402286
2022-12-17 13:15:00,629.1,637.0,628.8,629.0,15234.166288894148
2022-12-17 13:30:00,629.0,632.5,625.6,627.5,31256.281710026815
2022-12-17 13:45:00,627.5,635.1,627.5,635.1,28132.6021
2022-12-17 14:00:00,635.1,644.8,627.0,638.3,49549.93355462532
2022-12-17 14:15:00,638.3,639.6,630.3,633.3,12834.0888
2022-12-17 14:30:00,633.9,642.8,633.9,642.8,30914.3519
2022-12-17 14:45:00,642.0,647.9,638.8,640.0,93567.57373986574
2022-12-17 15:00:00,638.9,640.0,635.1,639.9,14073.6565
2022-12-17 15:15:00,635.8,643.3,635.8,637.6,10642.60564387569
2022-12-17 15:30:00,638.0,644.1,638.0,642.8,16905.2736
2022-12-17 15:45:00,642.6,644.0,636.3,636.6,29754.4511
2022-12-17 16:00:00,641.5,647.5,636.4,647.4,19379529.67241691
2022-12-17 16:15:00,647.4,647.6,639.5,640.4,13202.95304861251
2022-12-17 16:30:00,645.4,645.4,636.3,641.5,33143.32203763861
2022-12-17 16:45:00,641.0,644.8,639.6,640.4,14702.311789667188
2022-12-17 17:00:00,644.6,656.0,640.5,656.0,84205.7005
2022-12-17 17:15:00,655.9,683.2,644.8,665.4,178390.79056456167
2022-12-17 17:30:00,661.5,677.4,657.4,666.6,61040.89195175671
2022-12-17 17:45:00,665.9,666.0,645.1,655.2,72299.69425302459
2022-12-17 18:00:00,655.2,655.2,644.1,644.1,44856.6007
2022-12-17 18:15:00,644.3,649.0,640.5,649.0,40606.369992604144
2022-12-17 18:30:00,644.0,649.9,643.2,648.8,29679.4371
2022-12-17 18:45:00,648.9,649.1,641.9,642.0,21497.01456964561
2022-12-17 19:00:00,642.0,648.4,641.9,645.0,55395.8847248062
2022-12-17 19:15:00,642.5,660.0,642.4,647.0,29853.6425
2022-12-17 19:30:00,657.7,657.7,642.1,646.0,24864.08252599322
2022-12-17 19:45:00,642.5,646.0,636.7,637.7,63001.874939488895
2022-12-17 20:00:00,637.7,640.0,635.2,636.6,44390.0918
2022-12-17 20:15:00,636.5,649.3,635.2,639.2,38070.2783625
2022-12-17 20:30:00,640.2,648.5,640.2,647.7,16272.408332293919
2022-12-17 20:45:00,644.5,647.6,643.8,644.9,19381.3738
2022-12-17 21:00:00,644.0,644.0,636.8,636.8,27636.076504968943
2022-12-17 21:15:00,636.9,642.6,632.4,636.3,47788.39748324738
2022-12-17 21:30:00,639.0,646.2,635.4,639.9,14124.972051343377
2022-12-17 21:45:00,637.3,645.5,636.3,640.7,14023.983832917316
2022-12-17 22:00:00,636.5,644.3,632.1,644.0,31554.5622
2022-12-17 22:15:00,644.0,645.9,637.2,644.2,30659.7133
2022-12-17 22:30:00,644.2,645.6,640.0,640.0,21781.748097877942
2022-12-17 22:45:00,640.0,640.5,632.8,638.8,9298.82410493404
2022-12-17 23:00:00,633.5,644.9,633.4,640.5,20194.262213839123
2022-12-17 23:15:00,640.5,640.5,636.5,636.5,15995.759612099922
2022-12-17 23:30:00,636.5,640.5,635.5,636.1,21694.247911500333
2022-12-17 23:45:00,639.6,639.8,620.0,624.9,80726.9522
2022-12-18 00:00:00,624.9,673.6,620.1,649.6,659740.1359499135
2022-12-18 00:15:00,649.6,654.9,621.5,628.6,259915.0301066749
2022-12-18 00:30:00,628.6,659.3,622.7,659.3,159060.01234734012
2022-12-18 00:45:00,658.0,659.3,631.7,632.7,140732.49205342453
2022-12-18 01:00:00,632.6,646.1,627.5,632.0,202752.15422140717
2022-12-18 01:15:00,637.5,646.1,632.0,636.5,10107613.44489995
2022-12-18 01:30:00,640.2,644.1,632.0,636.8,39561043.4997905
2022-12-18 01:45:00,636.8,636.9,629.1,630.6,27598691.559709355
2022-12-18 02:00:00,630.6,642.3,630.2,633.0,10649613.686488422
2022-12-18 02:15:00,633.0,635.7,630.3,630.4,1509715.1911
2022-12-18 02:30:00,630.3,634.5,621.0,621.0,43983.2783
2022-12-18 02:45:00,621.2,622.1,615.0,615.0,8548615.3213
2022-12-18 03:00:00,615.0,615.2,612.0,615.1,30028.9914
2022-12-18 03:15:00,612.2,617.0,607.7,607.7,33256.97092983832
2022-12-18 03:30:00,607.8,643.3,602.1,639.5,92561.06886929892
2022-12-18 03:45:00,632.0,644.1,620.7,626.1,75688.4557025952
2022-12-18 04:00:00,626.1,632.3,620.3,628.6,4899.742336875596
2022-12-18 04:15:00,627.4,651.0,627.4,636.6,68195.57579019689
2022-12-18 04:30:00,638.2,638.2,623.3,623.3,8329.314085239737
2022-12-18 04:45:00,624.9,637.8,624.9,627.2,3395.139030612888
2022-12-18 05:00:00,627.3,627.3,623.3,627.2,5726.9773
2022-12-18 05:15:00,635.7,636.3,627.3,635.8,4752.379027044025
2022-12-18 05:30:00,630.0,630.0,610.4,610.4,11214.751
2022-12-18 05:45:00,611.0,621.8,600.4,620.9,47206.0257
2022-12-18 06:00:00,603.1,618.0,602.4,602.4,14943.06215150578
2022-12-18 06:15:00,604.2,623.3,604.2,613.2,29798.264636993976
2022-12-18 06:30:00,612.8,623.2,608.2,608.2,26580.155667969004
2022-12-18 06:45:00,608.2,622.8,604.2,605.0,20533.162269877972
2022-12-18 07:00:00,605.1,613.5,600.2,600.2,53269.3745
2022-12-18 07:15:00,600.2,606.7,593.7,597.4,60189.02208052162
2022-12-18 07:30:00,593.7,597.3,579.6,584.2,150126.64004408728
2022-12-18 07:45:00,584.2,587.5,577.8,580.0,78415.3227865509
2022-12-18 08:00:00,579.9,586.3,570.0,584.4,162029.01722840307
2022-12-18 08:15:00,576.5,580.9,562.3,576.3,109280.57100031458
2022-12-18 08:30:00,576.3,576.3,558.5,564.4,177380.35983755247
2022-12-18 08:45:00,564.4,571.9,559.1,569.1,82047.23833648188
2022-12-18 09:00:00,569.1,575.8,569.0,571.9,95586.4664301147
2022-12-18 09:15:00,571.9,571.9,550.8,556.9,199314.4538043047
2022-12-18 09:30:00,551.0,563.8,540.0,541.2,218547.65464527832
2022-12-18 09:45:00,541.2,548.7,540.1,544.7,156981.5044114561
2022-12-18 10:00:00,544.9,554.0,542.2,552.7,103205.45334635024
2022-12-18 10:15:00,552.7,554.7,546.7,549.9,119717.66982087943
2022-12-18 10:30:00,549.8,549.8,540.7,549.5,2308255.310475179
2022-12-18 10:45:00,549.0,551.8,542.0,551.2,31943.499384018265
2022-12-18 11:00:00,548.1,553.7,548.1,551.0,71885.7617
2022-12-18 11:15:00,551.0,552.6,548.8,552.2,56026.049921966805
2022-12-18 11:30:00,552.2,552.3,544.4,548.7,120474.6406149894
2022-12-18 11:45:00,548.7,549.1,544.0,544.0,108978.42350809427
2022-12-18 12:00:00,544.4,548.1,543.6,546.5,82787.76247438378
2022-12-18 12:15:00,545.0,549.1,544.9,546.2,56083.88154743778
2022-12-18 12:30:00,549.0,549.9,543.6,546.0,5028315.553786288
2022-12-18 12:45:00,548.8,549.3,544.7,547.5,37055.14173636819
2022-12-18 13:00:00,547.4,548.4,544.7,547.2,20254.887467275385
2022-12-18 13:15:00,546.8,547.9,545.4,546.6,22465.304998639378
2022-12-18 13:30:00,546.6,546.6,543.0,545.4,34057.30231817097
2022-12-18 13:45:00,545.4,548.5,544.9,547.4,13437.677831035633
2022-12-18 14:00:00,547.4,548.1,545.5,548.1,55606.67067614568
2022-12-18 14:15:00,548.0,548.1,545.5,545.6,52769.1406
2022-12-18 14:30:00,545.7,547.5,543.0,545.3,43394.274957478
2022-12-18 14:45:00,545.1,547.9,543.3,547.9,39522.264
2022-12-18 15:00:00,547.9,547.9,544.7,546.6,23064.8185
2022-12-18 15:15:00,546.6,549.8,544.2,546.4,48068.34681834506
2022-12-18 15:30:00,546.4,548.8,545.5,546.0,22392.542883150185
2022-12-18 15:45:00,546.0,549.0,545.3,549.0,18413.12999562762
2022-12-18 16:00:00,548.9,562.2,545.3,555.4,141056.60352673463
2022-12-18 16:15:00,554.8,554.8,542.9,543.0,36474.02882149492
2022-12-18 16:30:00,543.0,547.8,535.2,539.6,92830.64341580479
2022-12-18 16:45:00,537.0,541.8,525.0,536.0,160903.94655471874
2022-12-18 17:00:00,536.0,540.8,529.1,538.0,68810.69611761029
2022-12-18 17:15:00,537.8,537.8,530.9,534.9,30891.32686011516
2022-12-18 17:30:00,534.9,537.8,534.2,537.0,38622.889214730145
2022-12-18 17:45:00,537.0,537.0,531.8,535.4,34564.3267285993
2022-12-18 18:00:00,533.0,535.0,531.5,532.0,28453.600142168223
2022-12-18 18:15:00,531.6,534.7,531.2,534.5,23753.66203860045
2022-12-18 18:30:00,534.5,534.5,518.0,519.9,178360.3858048632
2022-12-18 18:45:00,519.9,533.8,519.9,524.4,60805.31928736131
2022-12-18 19:00:00,524.7,527.9,524.7,527.8,37046.479796097745
2022-12-18 19:15:00,527.8,527.8,523.2,526.9,20900.38041835419
2022-12-18 19:30:00,526.0,527.2,523.8,524.2,16788.51611887579
2022-12-18 19:45:00,524.1,527.7,524.1,527.0,26551.824687058823
2022-12-18 20:00:00,527.0,527.0,524.1,526.0,43480.0238
2022-12-18 20:15:00,526.0,531.9,524.4,531.8,33529.47310546698
2022-12-18 20:30:00,531.8,531.8,526.1,528.0,1897076.1495392027
2022-12-18 20:45:00,528.0,532.1,524.8,529.3,8283302.823593276
2022-12-18 21:00:00,529.3,529.5,515.1,515.2,135451.91162422387
2022-12-18 21:15:00,518.1,520.6,511.1,517.3,45760.509856118224
2022-12-18 21:30:00,513.7,516.8,511.4,516.5,51431.16734097215
2022-12-18 21:45:00,516.5,516.5,512.4,516.0,20147.794090719508
2022-12-18 22:00:00,515.5,518.1,514.2,516.9,51667.742480411114
2022-12-18 22:15:00,516.5,516.5,506.2,508.3,55115.09586494572
2022-12-18 22:30:00,508.4,515.0,508.3,513.3,120467.25707709733
2022-12-18 22:45:00,510.3,512.2,501.0,501.0,93435.02129352941
2022-12-18 23:00:00,501.0,507.3,492.7,505.7,259813.92658570185
2022-12-18 23:15:00,505.8,505.8,502.8,503.3,37559.78534362542
2022-12-18 23:30:00,503.7,510.0,503.1,509.9,36523.179906906116
2022-12-18 23:45:00,509.8,518.2,506.2,516.7,180948.03700720725
2022-12-19 00:00:00,516.7,554.3,516.7,531.5,1290488.2672988141
2022-12-19 00:15:00,531.1,537.9,521.0,527.8,173510.34140309223
2022-12-19 00:30:00,525.4,528.5,484.0,491.7,353644.0900129986
2022-12-19 00:45:00,491.2,491.2,466.3,471.8,299960.0180479228
2022-12-19 01:00:00,471.8,471.8,471.7,471.7,5763.6861
2022-12-19 05:15:00,474.0,474.3,468.1,473.8,13646.785967844213
2022-12-19 05:30:00,468.7,473.3,466.2,472.1,15951.388966546687
2022-12-19 05:45:00,466.5,471.7,466.3,466.5,1931.6931
2022-12-19 06:00:00,466.5,471.2,466.2,466.3,17953.45718824029
2022-12-19 06:15:00,466.2,470.6,465.0,470.4,36502.788152274006
2022-12-19 06:30:00,470.4,471.9,465.2,469.7,43996.187812162265
2022-12-19 06:45:00,469.7,470.0,464.6,468.9,36790.62124413099
2022-12-19 07:00:00,465.8,469.1,460.5,461.7,59554.98171049111
2022-12-19 07:15:00,461.7,464.7,445.1,445.1,87316.03820534976
2022-12-19 07:30:00,445.1,453.7,437.2,453.6,116054.5916510524
2022-12-19 07:45:00,453.6,453.6,449.9,452.6,62997.423629556106
2022-12-19 08:00:00,452.5,452.5,446.8,446.8,33499.28035582632
2022-12-19 08:15:00,450.7,450.7,437.0,442.3,141585.3845168764
2022-12-19 08:30:00,437.3,442.2,428.5,437.9,98605.45179118293
2022-12-19 08:45:00,437.9,437.9,433.5,436.3,57854.59586013375
2022-12-19 09:00:00,436.3,437.0,427.2,431.9,99652.20835158337
2022-12-19 09:15:00,431.6,434.0,428.3,434.0,70268.8469280497
2022-12-19 09:30:00,433.6,436.5,431.7,436.0,42357.209698938525
2022-12-19 09:45:00,436.5,443.0,433.4,441.9,31723.4173
2022-12-19 10:00:00,441.9,441.9,434.0,434.1,35113.34072668011
2022-12-19 10:15:00,439.5,439.5,434.1,435.3,27620.25950830489
2022-12-19 10:30:00,435.3,438.7,434.2,435.0,39406.17140013949
2022-12-19 10:45:00,436.0,445.0,436.0,443.7,37852.53821300851
2022-12-19 11:00:00,443.7,443.7,438.0,443.0,9952.068283137962
2022-12-19 11:15:00,440.7,443.6,438.2,438.3,14866.369335437332
2022-12-19 11:30:00,438.4,438.7,434.1,434.2,96290.07787555453
2022-12-19 11:45:00,434.2,438.0,433.0,434.0,34872.63532737519
2022-12-19 12:00:00,433.0,437.3,432.0,436.3,78343.123316394
2022-12-19 12:15:00,432.6,436.7,432.3,434.9,7894.962092127273
2022-12-19 12:30:00,433.6,436.7,433.6,435.5,16354.064389459125
2022-12-19 12:45:00,435.5,436.0,432.1,433.2,34637.60886119572
2022-12-19 13:00:00,433.5,436.4,432.1,436.4,38072.05299250288
2022-12-19 13:15:00,436.4,444.5,436.0,436.9,44117.964819919485
2022-12-19 13:30:00,436.8,441.9,436.6,440.5,19158.70480381551
2022-12-19 13:45:00,437.0,444.3,437.0,444.3,16436.677690675097
2022-12-19 14:00:00,444.3,444.4,440.9,443.8,24009.531189799276
2022-12-19 14:15:00,441.0,445.0,432.4,436.3,110869.09175379988
2022-12-19 14:30:00,436.3,440.2,432.5,433.4,27632.19663336244
2022-12-19 14:45:00,433.6,439.6,433.6,437.9,11415.355778252957
2022-12-19 15:00:00,437.8,440.1,434.7,437.5,20246.635176781754
2022-12-19 15:15:00,434.7,440.7,434.7,440.2,26115.03072106155
2022-12-19 15:30:00,439.8,444.2,436.6,443.4,40410.40509644304
2022-12-19 15:45:00,443.0,443.2,433.8,438.5,60918.7709
2022-12-19 16:00:00,436.3,443.9,433.1,436.3,80237.48516056132
2022-12-19 16:15:00,433.9,439.7,433.5,439.0,70585.92404530362
2022-12-19 16:30:00,434.2,439.3,422.1,427.5,221092.35209600182
2022-12-19 16:45:00,428.7,428.7,418.0,422.5,93882.77673907913
2022-12-19 17:00:00,419.6,425.5,419.6,423.8,53155.056765084075
2022-12-19 17:15:00,424.4,435.7,421.0,427.5,50793.97745721211
2022-12-19 17:30:00,427.6,434.7,426.0,431.7,48303.31251731906
2022-12-19 17:45:00,431.7,434.7,427.6,434.5,23716.14936673568
2022-12-19 18:00:00,434.5,434.5,425.0,428.2,45857.33765700363
2022-12-19 18:15:00,428.6,431.1,426.0,431.0,31822.7303
2022-12-19 18:30:00,431.0,434.3,428.8,430.6,38190.91229433109
2022-12-19 18:45:00,430.5,434.0,430.5,433.3,20079.832526410806
2022-12-19 19:00:00,433.3,434.3,429.7,434.3,45740.40477002959
2022-12-19 19:15:00,434.4,442.8,429.7,431.9,58147.12506104309
2022-12-19 19:30:00,430.1,433.9,423.6,429.7,64359.11707109705
2022-12-19 19:45:00,429.5,430.0,427.5,429.7,11305.3088
2022-12-19 20:00:00,429.7,432.6,428.2,432.6,6269.1827
2022-12-19 20:15:00,432.5,436.0,430.1,432.4,23755.068
2022-12-19 20:30:00,430.2,432.3,422.2,428.9,71925.2222
2022-12-19 20:45:00,425.3,429.6,422.2,423.1,49180.42843986347
2022-12-19 21:00:00,425.3,425.6,423.1,425.3,45397.00257763726
2022-12-19 21:15:00,425.3,429.6,425.3,428.3,20660.536018468105
2022-12-19 21:30:00,427.8,428.6,425.7,428.4,17548.866420998602
2022-12-19 21:45:00,425.9,431.9,425.9,427.5,18954.18935161159
2022-12-19 22:00:00,427.5,431.5,424.2,428.3,29236.22465595118
2022-12-19 22:15:00,428.3,428.4,425.1,427.1,32386.43198589272
2022-12-19 22:30:00,425.3,427.1,420.0,424.0,103215.15687590063
2022-12-19 22:45:00,424.0,429.6,422.5,429.5,29081.458374929247
2022-12-19 23:00:00,427.5,429.5,425.4,429.5,48640.98783044797
2022-12-19 23:15:00,429.5,435.6,427.3,431.4,75793.6798821358
2022-12-19 23:30:00,431.4,431.5,425.2,425.2,40908.48564306908
2022-12-19 23:45:00,427.5,438.1,425.3,431.9,46810.30046845389
2022-12-20 00:00:00,434.1,442.0,403.0,410.4,459595.99959902593
2022-12-20 00:15:00,410.4,413.5,407.5,408.5,44489.845208773986
2022-12-20 00:30:00,411.4,413.7,391.2,396.8,280198.195022639
2022-12-20 00:45:00,396.8,397.1,386.1,396.6,107536.00679081307
2022-12-20 01:00:00,396.6,397.0,391.4,396.5,34095.06385662486
2022-12-20 01:15:00,396.3,396.3,387.4,391.8,72504.23511032936
2022-12-20 01:30:00,388.2,395.7,388.2,391.6,46112.56956727596
2022-12-20 01:45:00,391.7,395.4,389.0,394.9,12614.49296873523
2022-12-20 02:00:00,394.6,394.6,383.1,390.9,21636.790211860112
2022-12-20 02:15:00,387.9,395.3,375.1,390.0,71563.87175210458
2022-12-20 02:30:00,390.0,395.3,390.0,390.0,8519.273098320004
2022-12-20 02:45:00,389.8,395.3,384.2,384.6,26176.016563205496
2022-12-20 03:00:00,387.7,393.8,384.4,393.8,18675.991749466735
2022-12-20 03:15:00,391.3,393.8,384.1,391.7,13136.6924
2022-12-20 03:30:00,391.3,391.3,386.9,388.7,33750.2923
2022-12-20 03:45:00,386.9,388.4,384.2,384.3,6136.00151277034
2022-12-20 04:00:00,384.2,384.5,380.1,380.1,11344.3813
2022-12-20 04:15:00,380.1,391.7,371.0,388.7,48464.38302443067
2022-12-20 04:30:00,385.8,388.0,379.0,383.7,3434.627023039846
2022-12-20 04:45:00,381.8,390.3,379.5,380.2,38740.9830609834
2022-12-20 05:00:00,380.3,389.8,372.3,389.8,36094.3277
2022-12-20 05:15:00,387.8,389.8,372.6,372.6,11188.0606
2022-12-20 05:30:00,372.6,388.8,372.6,383.8,13249.351915961835
2022-12-20 05:45:00,381.8,381.8,376.4,381.6,23129.8799
2022-12-20 06:00:00,378.2,381.8,373.6,373.6,16711.6029
2022-12-20 06:15:00,374.2,379.1,373.7,377.8,42482.65732400106
2022-12-20 06:30:00,377.8,385.8,376.5,385.8,5297.6704
2022-12-20 06:45:00,383.8,385.5,377.1,381.8,20208.1485
2022-12-20 07:00:00,378.0,379.9,372.6,374.7,45305.2825
2022-12-20 07:15:00,374.6,375.0,367.0,374.1,85656.6403
2022-12-20 07:30:00,372.3,374.2,361.0,366.6,89697.17238401728
2022-12-20 07:45:00,368.0,368.3,357.2,364.0,81439.3672
2022-12-20 08:00:00,360.9,366.4,360.7,360.8,49032.94917641921
2022-12-20 08:15:00,362.8,366.4,358.4,362.8,90799.57478984547
2022-12-20 08:30:00,362.8,372.0,361.9,367.7,46216.0917153867
2022-12-20 08:45:00,368.2,368.8,363.0,363.2,17208.1572
2022-12-20 09:00:00,363.5,369.0,363.1,364.0,39823.60762687996
2022-12-20 09:15:00,364.0,364.0,360.9,362.7,55911.4667
2022-12-20 09:30:00,362.8,362.8,358.6,358.7,47990.2725
2022-12-20 09:45:00,358.7,361.3,358.6,359.2,22357.8105
2022-12-20 10:00:00,359.3,362.6,353.5,356.8,70295.1809095374
2022-12-20 10:15:00,359.1,359.1,354.0,355.6,53784.54759529544
2022-12-20 10:30:00,359.0,371.7,358.8,367.9,98134.13266078386
2022-12-20 10:45:00,365.0,375.2,364.9,374.4,94757.08433910439
2022-12-20 11:00:00,374.4,374.4,365.6,368.5,34198.81361132325
2022-12-20 11:15:00,366.8,372.0,366.7,372.0,7098.371970625884
2022-12-20 11:30:00,369.1,371.0,365.5,365.8,29041.83396838275
2022-12-20 11:45:00,365.9,370.4,365.6,366.2,51899.258719215155
2022-12-20 12:00:00,368.3,368.5,366.2,368.5,28438.897370379484
2022-12-20 12:15:00,366.5,372.0,366.3,370.4,51112.49860632116
2022-12-20 12:30:00,368.1,371.6,366.4,366.4,52253.8843
2022-12-20 12:45:00,368.5,370.8,364.7,364.8,28139.15023962723
2022-12-20 13:00:00,366.6,370.8,364.7,367.0,32962.529777210584
2022-12-20 13:15:00,367.0,370.6,360.6,361.8,31565.88811071596
2022-12-20 13:30:00,362.3,369.6,360.9,369.3,31783.0667
2022-12-20 13:45:00,369.3,370.0,365.3,366.6,14228.203497211862
2022-12-20 14:00:00,366.6,366.7,360.5,361.2,53432.969783328765
2022-12-20 14:15:00,364.7,368.1,361.2,362.1,34126.26587970935
2022-12-20 14:30:00,364.7,368.4,360.3,367.9,70838.2822375102
2022-12-20 14:45:00,365.0,365.0,360.4,361.1,73283.4765
2022-12-20 15:00:00,361.2,367.6,358.7,360.6,21251.659307681974
2022-12-20 15:15:00,360.6,362.8,360.3,360.6,22626.050047519293
2022-12-20 15:30:00,360.6,364.4,358.2,361.4,49465.97572709244
2022-12-20 15:45:00,361.3,362.7,358.5,358.7,49612.67222837055
2022-12-20 16:00:00,359.0,361.8,358.0,358.8,38536.48242661315
2022-12-20 16:15:00,360.0,361.5,359.1,360.0,25002.480951728907
2022-12-20 16:30:00,361.5,364.3,360.0,360.0,27803.21548395574
2022-12-20 16:45:00,360.0,364.4,358.0,361.7,71333.33509870808
2022-12-20 17:00:00,361.6,362.2,358.9,359.3,50452.69591304322
2022-12-20 17:15:00,359.3,362.8,359.1,362.3,20375.920379520398
2022-12-20 17:30:00,360.4,364.3,355.4,357.8,123715.58375089285
2022-12-20 17:45:00,357.9,362.1,357.8,358.8,19020.54330768168
2022-12-20 18:00:00,358.9,363.8,358.9,359.7,28618.40919520452
2022-12-20 18:15:00,359.7,362.9,358.6,358.7,38826.12224471845
2022-12-20 18:30:00,362.5,362.5,358.0,360.8,40163.76132068966
2022-12-20 18:45:00,358.2,360.9,356.6,356.7,21103.10571100573
2022-12-20 19:00:00,356.9,362.3,356.9,361.8,32598.05605442264
2022-12-20 19:15:00,361.5,362.0,358.6,358.8,22383.934052685523
2022-12-20 19:30:00,361.1,361.3,359.1,361.2,25638.2717
2022-12-20 19:45:00,361.2,361.3,359.3,360.5,11375.697448992063
2022-12-20 20:00:00,360.4,360.4,350.0,351.7,180828.64588737162
2022-12-20 20:15:00,350.3,356.1,350.0,353.5,97711.04332012974
2022-12-20 20:30:00,351.9,356.1,351.7,355.4,28577.05784729009
2022-12-20 20:45:00,353.8,359.0,352.6,359.0,23572.082507298364
2022-12-20 21:00:00,357.3,358.9,355.0,356.8,18536.021191686643
2022-12-20 21:15:00,356.8,359.0,354.3,355.6,35795.08515451253
2022-12-21 00:15:00,334.9,339.4,326.5,336.0,74345.80468031712
2022-12-21 00:30:00,336.0,336.5,326.9,334.0,69248.02831174983
2022-12-21 00:45:00,332.4,333.8,327.5,330.6,28698.19602314903
2022-12-21 01:00:00,330.6,331.0,321.1,325.8,64592.63395737649
2022-12-21 01:15:00,325.8,325.8,307.8,315.1,126204.11159157225
2022-12-21 01:30:00,315.1,326.4,315.1,318.1,40991.80708024234
2022-12-21 01:45:00,318.2,323.1,316.2,322.8,15914.993139888511
2022-12-21 02:00:00,322.7,322.7,315.1,315.1,7543.878578246049
2022-12-21 02:15:00,317.5,321.7,315.2,321.2,15261.489201694632
2022-12-21 02:30:00,319.9,321.0,316.2,320.6,27394.867211861354
2022-12-21 02:45:00,321.4,322.4,321.3,322.3,6669.741569727047
2022-12-21 03:00:00,322.3,322.3,316.6,319.1,14045.31720345313
2022-12-21 03:15:00,321.1,321.1,313.0,315.9,18677.458465019667
2022-12-21 03:30:00,314.3,317.2,304.6,312.7,74755.92270192748
2022-12-21 03:45:00,312.0,314.3,312.0,314.3,2688.960135602927
2022-12-21 04:00:00,314.3,314.3,301.5,306.3,42570.373673560294
2022-12-21 04:15:00,307.9,317.5,307.9,317.1,17209.7696
2022-12-21 04:30:00,315.8,323.0,307.1,323.0,38544.1740674859
2022-12-21 04:45:00,322.9,322.9,322.9,322.9,1776.3456
2022-12-21 05:00:00,322.9,322.9,309.2,315.9,21624.7698
2022-12-21 05:15:00,317.5,322.0,307.0,307.0,22757.1107
2022-12-21 05:30:00,307.1,309.3,305.2,306.3,24328.0204
2022-12-21 05:45:00,306.3,307.9,305.3,305.3,13952.6647
2022-12-21 06:00:00,305.5,307.9,305.5,307.9,15517.8048
2022-12-21 06:15:00,309.5,312.3,307.5,310.3,13321.0117
2022-12-21 06:30:00,309.5,314.7,306.1,314.7,29134.3857
2022-12-21 06:45:00,314.7,321.0,314.7,314.8,14415.066578785047
2022-12-21 07:00:00,315.1,315.1,312.7,314.7,31340.605
2022-12-21 07:15:00,314.7,317.5,313.1,313.3,25723.1827
2022-12-21 07:30:00,313.3,317.3,310.2,311.2,46980.1819
2022-12-21 07:45:00,311.2,312.9,307.4,308.1,73129.09757662338
2022-12-21 08:00:00,308.3,311.5,308.0,309.6,17999.61531515249
2022-12-21 08:15:00,309.3,313.3,309.0,311.5,25946.5328
2022-12-21 08:30:00,311.5,317.2,309.1,317.2,25393.580534331653
2022-12-21 08:45:00,314.5,321.5,314.5,321.3,60283.98489152398
2022-12-21 09:00:00,320.8,331.6,317.6,320.0,259772.28647094776
2022-12-21 09:15:00,319.9,326.9,307.9,312.6,292382.38624081895
2022-12-21 09:30:00,308.4,326.0,308.2,317.4,46891.4010045092
2022-12-21 09:45:00,315.9,318.5,303.8,308.1,134076.7119420605
2022-12-21 10:00:00,308.2,313.9,306.1,309.7,82421.273
2022-12-21 10:15:00,309.6,312.7,306.7,311.1,32661.6981
2022-12-21 10:30:00,311.1,313.5,307.1,311.5,65885.42484911831
2022-12-21 10:45:00,311.3,316.8,307.2,313.9,45345.3389
2022-12-21 11:00:00,315.1,315.9,309.5,311.1,11683.2139
2022-12-21 11:15:00,309.5,319.2,308.1,315.9,149097.17718434645
2022-12-21 11:30:00,315.9,317.1,309.5,313.9,29860.90460092505
2022-12-21 11:45:00,313.9,313.9,309.5,309.6,33390.7014
2022-12-21 12:00:00,309.6,312.8,296.3,303.1,281940.7529701733
2022-12-21 12:15:00,303.1,306.0,300.4,301.5,29867.0183
2022-12-21 12:30:00,301.5,305.6,301.5,305.4,12122.885792385954
2022-12-21 12:45:00,305.3,311.4,305.3,305.5,31156.68989734288
2022-12-21 13:00:00,305.7,311.5,305.6,307.9,33595.5874
2022-12-21 13:15:00,311.0,311.5,305.0,305.0,27196.900647094702
2022-12-21 13:30:00,305.0,313.8,303.4,309.5,24837.456287162786
2022-12-21 13:45:00,307.9,320.0,305.7,317.1,50304.8149
2022-12-21 14:00:00,316.8,317.5,306.5,306.5,32710.24678425197
2022-12-21 14:15:00,306.4,310.0,306.3,309.5,13929.5067
2022-12-21 14:30:00,310.9,312.0,304.7,305.0,34120.73519405521
2022-12-21 14:45:00,305.2,309.5,305.2,309.5,13095.732617770598
2022-12-21 15:00:00,307.9,307.9,305.0,307.8,12387.3582
2022-12-21 15:15:00,307.7,307.9,300.0,304.7,109972.1599
2022-12-21 15:30:00,303.1,306.0,300.0,304.1,16432.711303422177
2022-12-21 15:45:00,303.5,306.7,301.0,304.7,29279.4535272428
2022-12-21 16:00:00,301.7,306.5,301.2,304.7,17048.653770001638
2022-12-21 16:15:00,302.8,305.3,302.0,302.1,18011.3877
2022-12-21 16:30:00,302.3,304.7,301.5,301.5,30809.4089
2022-12-21 16:45:00,302.1,304.4,301.7,301.9,23823.9142
2022-12-21 17:00:00,301.9,304.4,301.8,304.4,17256.4148
2022-12-21 17:15:00,304.7,306.5,303.0,305.7,8518.9762
2022-12-21 17:30:00,305.7,317.2,304.9,312.1,71155.9032000654
2022-12-21 17:45:00,314.3,315.9,303.0,310.9,68357.69442002542
2022-12-21 18:00:00,309.5,310.9,305.4,308.2,10701.3451
2022-12-21 18:15:00,308.2,313.2,307.9,307.9,16146.552610539124
2022-12-21 18:30:00,308.0,328.2,308.0,317.6,129921.12320701839
2022-12-21 18:45:00,317.6,331.5,315.6,331.5,142581.97903844249
2022-12-21 19:00:00,331.5,337.0,322.5,324.1,120131.1902956555
2022-12-21 19:15:00,324.2,335.8,322.4,322.4,146994.4053839223
2022-12-21 19:30:00,321.6,321.7,315.2,315.9,157963.41612286604
2022-12-21 19:45:00,315.9,324.2,315.2,320.7,63808.71328047502
2022-12-21 20:00:00,320.7,322.9,318.7,322.4,34632.56236177891
2022-12-21 20:15:00,322.4,322.4,316.1,319.1,59973.64036922122
2022-12-21 20:30:00,317.0,320.4,317.0,320.4,11163.3147
2022-12-21 20:45:00,318.3,320.5,316.5,316.6,39017.0891
2022-12-21 21:00:00,319.1,320.4,315.2,315.2,44202.97626423221
2022-12-21 21:15:00,315.7,316.4,314.9,315.7,22433.428
2022-12-21 21:30:00,315.7,322.3,315.0,319.1,39083.462136482296
2022-12-21 21:45:00,319.1,322.3,318.6,321.7,15861.42704585701
2022-12-21 22:00:00,321.7,322.5,316.2,317.9,25974.75627289639
2022-12-21 22:15:00,317.9,319.1,313.1,315.9,81461.778
2022-12-21 22:30:00,315.9,317.5,313.0,317.5,11477.5369
2022-12-21 22:45:00,317.5,320.2,314.8,320.2,13466.324485427538
2022-12-21 23:00:00,320.1,320.2,317.7,320.0,29566.83921961887
2022-12-21 23:15:00,319.8,320.1,319.6,319.6,4148.1309
2022-12-21 23:30:00,319.6,322.1,318.1,322.0,17675.847009107838
2022-12-21 23:45:00,322.0,322.5,312.9,322.5,60956.28767520365
2022-12-22 00:00:00,320.7,324.2,313.1,318.3,33278.52251263934
2022-12-22 00:15:00,317.5,317.9,313.5,313.5,41914.092417190855
2022-12-22 00:30:00,315.9,346.3,313.5,341.1,220284.79695246601
2022-12-22 00:45:00,341.1,377.1,328.7,357.4,1633722.2679999508
2022-12-22 01:00:00,354.0,376.9,351.9,362.0,593236.2714259328
2022-12-22 01:15:00,362.0,391.0,362.0,375.0,1016719.6242651471
2022-12-22 01:30:00,375.0,385.8,367.2,372.2,424225.3779703919
2022-12-22 01:45:00,372.2,372.2,352.1,366.6,417935.9801140646
2022-12-22 02:00:00,366.5,376.0,357.3,373.9,112893.98859450094
2022-12-22 02:15:00,373.9,374.9,362.2,367.0,51769.77895765298
2022-12-22 02:30:00,367.0,371.0,356.6,356.6,62193.51895189703
2022-12-22 02:45:00,357.7,369.9,357.1,361.7,25435.30209088524
2022-12-22 03:00:00,361.8,369.0,355.1,364.3,66963.27951970916
2022-12-22 03:15:00,360.4,367.1,356.1,360.9,49135.646319395964
2022-12-22 03:30:00,360.0,363.9,354.0,362.2,29819.61667622996
2022-12-22 03:45:00,357.3,361.4,342.1,348.3,246711.97462551255
2022-12-22 04:00:00,348.3,369.0,348.3,358.4,206920.02563949578
2022-12-22 04:15:00,356.2,368.9,352.9,364.8,127869.42787657773
2022-12-22 04:30:00,364.8,372.1,364.7,366.6,32927.48718070654
2022-12-22 04:45:00,366.6,366.6,353.8,364.2,61020.5192
2022-12-22 05:00:00,364.1,372.2,360.9,368.5,32626.00147740462
2022-12-22 05:15:00,368.5,368.5,357.3,360.5,15478.899578665427
2022-12-22 05:30:00,359.2,366.9,352.4,366.9,59660.391044827586
2022-12-22 05:45:00,367.0,373.0,362.8,368.5,76505.66119248923
2022-12-22 06:00:00,367.0,369.7,359.0,361.1,34808.13762451882
2022-12-22 06:15:00,361.3,370.0,361.3,369.9,34663.8778
2022-12-22 06:30:00,369.8,374.0,362.5,364.8,130720.39265858666
2022-12-22 06:45:00,364.8,377.3,364.8,375.2,112551.64620302423
2022-12-22 07:00:00,375.2,375.2,370.5,370.7,53713.3344610883
2022-12-22 07:15:00,370.7,371.5,362.8,366.7,101743.04509888218
2022-12-22 07:30:00,368.2,369.7,362.4,364.7,80625.86476320346
2022-12-22 07:45:00,364.7,366.5,362.4,362.4,47988.8732146794
2022-12-22 08:00:00,363.9,387.6,360.2,383.8,514120.20576417685
2022-12-22 08:15:00,383.8,389.1,365.4,372.0,518090.19061614736
2022-12-22 08:30:00,369.4,378.9,366.3,370.4,352892.3217318512
2022-12-22 08:45:00,370.2,373.1,364.0,368.0,166901.98770164006
2022-12-22 09:00:00,368.0,371.6,355.0,355.5,274824.5938210684
2022-12-22 09:15:00,355.5,362.2,344.6,344.7,365170.6880119016
2022-12-22 09:30:00,344.8,364.7,342.9,354.7,343298.4704233281
2022-12-22 09:45:00,354.6,355.8,347.6,350.1,138324.17211469277
2022-12-22 10:00:00,348.3,348.3,338.2,340.0,362794.9721057903
2022-12-22 10:15:00,340.7,352.9,340.7,342.0,104601.7944911085
2022-12-22 10:30:00,342.0,351.9,341.0,344.7,120904.55666003532
2022-12-22 10:45:00,346.5,348.3,343.7,344.3,60042.92177058431
2022-12-22 11:00:00,344.3,346.5,344.1,346.5,36312.158
2022-12-22 11:15:00,346.5,364.2,346.5,358.9,496467.7701949839
2022-12-22 11:30:00,358.9,360.3,348.3,354.6,144423.45016411468
2022-12-22 11:45:00,354.2,357.9,350.0,353.7,58223.93031506282
2022-12-22 12:00:00,353.3,356.9,345.2,352.8,75842.38602988409
2022-12-22 12:15:00,347.1,352.5,345.2,351.5,88776.914
2022-12-22 12:30:00,350.0,352.6,345.0,346.1,40151.179928299214
2022-12-22 12:45:00,348.3,351.9,341.0,343.9,98794.157
2022-12-22 13:00:00,346.5,347.2,340.2,345.6,38780.6744
2022-12-22 13:15:00,342.9,346.1,339.4,341.3,100440.29881326207
2022-12-22 13:30:00,341.3,345.6,340.0,344.7,42045.277335886276
2022-12-22 13:45:00,343.1,352.8,342.0,346.5,75804.4691
2022-12-22 14:00:00,345.6,347.9,342.9,344.7,20404.8946
2022-12-22 14:15:00,344.7,349.4,343.6,348.3,76528.87204903207
2022-12-22 14:30:00,348.3,351.9,346.8,347.6,36281.534135464404
2022-12-22 14:45:00,350.1,350.5,342.0,342.0,65458.1725
2022-12-22 15:00:00,344.7,346.4,327.2,329.2,281903.91635375377
2022-12-22 15:15:00,330.9,335.0,320.6,324.3,398441.0272
2022-12-22 15:30:00,324.3,328.0,309.3,313.4,468144.738814009
2022-12-22 15:45:00,315.9,320.4,310.5,313.9,140541.4915738133
2022-12-22 16:00:00,313.9,314.3,306.3,309.0,102679.99972325804
2022-12-22 16:15:00,309.2,320.0,309.0,310.6,88925.02088375
2022-12-22 16:30:00,312.0,314.2,311.1,311.2,28209.1051
2022-12-22 16:45:00,313.3,313.5,295.6,300.7,299973.70819437975
2022-12-22 17:00:00,298.6,303.3,295.0,300.0,234704.2893
2022-12-22 17:15:00,297.4,302.6,296.6,298.8,57414.18581768844
2022-12-22 17:30:00,300.0,303.2,298.9,302.0,54333.657893457115
2022-12-22 17:45:00,299.4,307.5,299.2,303.6,64108.6426
2022-12-22 18:00:00,303.6,307.5,303.6,307.2,12062.88277413985
2022-12-22 18:15:00,307.2,311.7,304.8,309.2,32618.507300217163
2022-12-22 18:30:00,309.0,313.4,305.7,309.4,93772.91708360612
2022-12-22 18:45:00,309.4,312.4,306.6,308.0,28026.499364446678
2022-12-22 19:00:00,308.0,311.3,306.4,310.0,44935.58521019194
2022-12-22 19:15:00,309.5,309.9,298.9,300.9,312443.3486651545
2022-12-22 19:30:00,300.9,306.2,299.2,304.6,67833.0498
2022-12-22 19:45:00,304.7,309.8,303.2,309.8,47846.8598
2022-12-22 20:00:00,309.8,313.0,305.9,305.9,78422.49056446055
2022-12-22 20:15:00,305.9,307.7,303.6,305.9,31257.42450243744
2022-12-22 20:30:00,305.8,305.8,301.5,305.8,61760.475032404065
2022-12-22 20:45:00,305.8,305.8,302.4,305.7,38624.382156899934
2022-12-22 21:00:00,305.7,310.5,305.7,308.0,81477.43864310006
2022-12-22 21:15:00,308.1,310.5,304.2,304.8,24178.68049983897
2022-12-22 21:30:00,305.1,308.1,304.2,307.5,47947.4973
2022-12-22 21:45:00,305.2,307.5,304.0,304.0,27718.5131
2022-12-22 22:00:00,305.8,306.2,304.1,305.6,10151.2718
2022-12-22 22:15:00,305.8,308.1,305.7,308.0,20967.540569717625
2022-12-22 22:30:00,306.1,307.9,303.6,303.6,44397.91969915557
2022-12-22 22:45:00,303.6,304.7,301.3,301.6,29442.689451666116
2022-12-22 23:00:00,301.6,305.3,300.8,304.6,26454.7972
2022-12-22 23:15:00,304.2,304.8,302.5,304.5,14793.9265
2022-12-22 23:30:00,302.9,307.6,302.8,307.6,50188.906
2022-12-22 23:45:00,307.6,311.6,304.8,311.6,24920.5505
2022-12-23 00:00:00,311.6,311.9,295.0,306.9,160475.70973513948
2022-12-23 00:15:00,304.7,304.7,296.0,303.3,38714.6407
2022-12-23 00:30:00,302.6,308.7,300.4,306.4,45940.2558591029
2022-12-23 00:45:00,306.4,306.4,297.6,298.3,39019.5888
2022-12-23 01:00:00,301.8,301.8,298.4,300.0,1831.803
2022-12-23 01:15:00,301.5,301.7,297.4,299.0,28232.2108
2022-12-23 01:30:00,298.6,301.4,297.5,297.5,28782.0381
2022-12-23 01:45:00,297.4,299.1,295.2,299.1,49595.9976
2022-12-23 02:00:00,299.5,301.3,295.9,299.1,1600.6641
2022-12-23 02:15:00,299.1,301.0,299.1,301.0,26.972108510638297
2022-12-23 02:30:00,301.0,301.0,300.0,300.0,5256.666078737541
2022-12-23 02:45:00,300.0,300.0,299.4,299.4,1009.4623
2022-12-23 03:00:00,298.8,300.0,296.5,300.0,13778.2339
2022-12-23 03:15:00,301.0,301.0,296.0,298.9,32791.9495
2022-12-23 03:30:00,298.9,299.1,295.1,299.1,17031.7762
2022-12-23 03:45:00,301.0,301.0,296.3,296.3,3933.033
2022-12-23 04:00:00,296.3,296.3,296.3,296.3,12588.6689
2022-12-23 04:15:00,295.2,300.9,295.2,296.3,3231.638
2022-12-23 04:30:00,296.3,296.3,296.3,296.3,5219.3329
2022-12-23 04:45:00,295.3,299.1,295.3,299.1,5200.1613
2022-12-23 05:00:00,299.1,299.1,299.1,299.1,288.1189
2022-12-23 05:15:00,300.9,304.5,299.4,299.4,12101.106112873564
2022-12-23 05:30:00,299.4,299.4,299.0,299.0,8044.3006
2022-12-23 05:45:00,298.0,301.0,292.0,292.0,110452.3482
2022-12-23 06:00:00,293.1,293.1,292.0,292.0,32512.3213
2022-12-23 06:15:00,293.1,293.1,289.4,292.9,52769.9725
2022-12-23 06:30:00,292.9,293.1,289.4,293.0,28734.0946
2022-12-23 06:45:00,293.0,297.3,291.1,297.3,27926.2317
2022-12-23 07:00:00,297.3,298.4,291.1,295.5,83612.965
2022-12-23 07:15:00,295.5,297.1,293.7,297.0,24147.7711
2022-12-23 07:30:00,294.3,297.0,290.0,290.4,76792.69371514943
2022-12-23 07:45:00,293.4,293.4,290.5,292.4,3025.1695
2022-12-23 08:00:00,292.2,295.0,291.1,293.4,27072.6734
2022-12-23 08:15:00,293.4,295.0,293.0,293.2,11640.958520067798
2022-12-23 08:30:00,293.2,296.2,291.1,296.2,27601.456041410933
2022-12-23 08:45:00,296.1,296.7,294.2,294.2,37626.38133496797
2022-12-23 09:00:00,294.2,296.5,293.6,293.7,8865.658529996595
2022-12-23 09:15:00,293.6,295.3,292.3,294.0,14359.9985
2022-12-23 09:30:00,294.0,295.0,291.4,291.7,21845.9074
2022-12-23 09:45:00,291.5,296.8,290.5,293.5,62119.87376805078
2022-12-23 10:00:00,296.4,296.4,291.1,291.1,30021.3826
2022-12-23 10:15:00,291.1,295.3,289.8,292.7,90494.5747119403
2022-12-23 10:30:00,292.8,294.8,292.8,294.5,11633.3576
2022-12-23 10:45:00,292.9,294.5,290.8,292.1,27171.4631
2022-12-23 11:00:00,291.3,294.1,290.0,292.9,36933.7254
2022-12-23 11:15:00,290.3,297.3,290.1,297.3,50939.91512351752
2022-12-23 11:30:00,297.9,298.4,295.0,296.4,51385.2876
2022-12-23 11:45:00,297.3,297.3,295.4,295.5,4609.113005405406
2022-12-23 12:00:00,296.0,296.4,295.4,295.4,28907.00404519369
2022-12-23 12:15:00,295.4,296.1,295.3,296.1,20117.403492286874
2022-12-23 12:30:00,295.6,296.1,292.5,292.5,37020.3836
2022-12-23 12:45:00,295.0,295.2,291.6,292.0,21305.89411629175
2022-12-23 13:00:00,292.0,293.3,291.3,292.1,32113.7115
2022-12-23 13:15:00,292.1,292.5,288.6,288.8,57173.83099014374
2022-12-23 13:30:00,288.8,293.0,288.8,293.0,32205.0635
2022-12-23 13:45:00,292.9,292.9,271.4,280.0,257227.3087406222
2022-12-23 14:00:00,279.9,285.6,272.9,275.0,283192.2414292472
2022-12-23 14:15:00,277.9,280.0,273.0,274.9,184616.8374
2022-12-23 14:30:00,275.1,283.6,275.1,276.3,40439.037
2022-12-23 14:45:00,280.7,281.4,275.5,280.0,73485.8437467782
2022-12-23 15:00:00,280.0,280.2,272.4,273.2,159533.6936
2022-12-23 15:15:00,276.0,284.0,272.4,277.9,61063.660734896446
2022-12-23 15:30:00,277.8,280.6,274.8,274.8,35200.5531
2022-12-23 15:45:00,277.8,280.8,274.8,279.9,59338.9132
2022-12-23 16:00:00,275.1,277.9,269.0,272.9,257871.43753329705
2022-12-23 16:15:00,269.9,277.8,269.9,277.7,101012.6153
2022-12-23 16:30:00,275.0,276.8,269.8,270.9,110177.1453
2022-12-23 16:45:00,271.0,276.0,271.0,273.3,40862.12025428051
2022-12-23 17:00:00,274.1,274.3,272.8,273.0,33536.9414
2022-12-23 17:15:00,274.1,274.3,270.2,270.7,53031.0273
2022-12-23 17:30:00,272.2,274.7,270.6,274.1,60949.25167454613
2022-12-23 17:45:00,274.1,274.1,270.7,272.1,52205.76185212299
2022-12-23 18:00:00,271.3,274.0,271.1,272.0,30991.0853
2022-12-23 18:15:00,272.0,280.5,272.0,280.1,60531.5665
2022-12-23 18:30:00,277.0,277.0,274.4,276.5,44170.93199873418
2022-12-23 18:45:00,275.7,277.8,275.5,277.8,15422.9289
2022-12-23 19:00:00,277.8,279.6,276.1,276.3,40377.264734012824
2022-12-23 19:15:00,276.3,279.5,276.3,279.3,21272.6247
2022-12-23 19:30:00,279.3,279.5,277.0,279.4,22400.9208
2022-12-23 19:45:00,279.4,306.3,278.1,300.5,703577.1470601278
2022-12-23 20:00:00,300.5,309.6,287.0,291.5,646277.9328530761
2022-12-23 20:15:00,291.5,292.0,284.7,288.8,136289.2284640855
2022-12-23 20:30:00,288.8,295.0,286.4,291.1,173687.24590183006
2022-12-23 20:45:00,291.0,291.0,286.7,288.8,17401.626324566852
2022-12-23 21:00:00,288.8,290.2,285.2,290.0,49591.427294459834
2022-12-23 21:15:00,286.6,290.1,285.5,290.1,42332.44735874439
2022-12-23 21:30:00,288.2,288.2,285.8,287.9,36560.9271
2022-12-23 21:45:00,287.8,290.3,287.6,287.9,35261.0249
2022-12-23 22:00:00,290.4,299.8,288.1,296.4,40147.76983343498
2022-12-23 22:15:00,293.5,293.5,288.1,288.4,54017.9198
2022-12-23 22:30:00,288.3,296.1,288.0,290.3,34597.2267
2022-12-23 22:45:00,290.3,293.1,287.8,290.7,22791.1875
2022-12-23 23:00:00,290.8,290.9,287.9,288.2,13361.2952
2022-12-23 23:15:00,288.3,292.8,287.9,288.9,28727.580517558854
2022-12-23 23:30:00,290.2,292.2,288.8,292.2,12996.483
2022-12-23 23:45:00,292.0,292.6,287.0,292.5,110483.4422
2022-12-24 00:00:00,292.5,316.2,278.0,284.1,949851.3096477564
2022-12-24 00:15:00,284.1,287.4,279.0,283.9,130107.1936
2022-12-24 00:30:00,283.7,285.5,283.0,283.0,64439.73981042988
2022-12-24 00:45:00,282.0,283.7,280.2,282.0,17071.60184040535
2022-12-24 01:00:00,283.3,283.4,280.1,280.1,37697.9012748765
2022-12-24 01:15:00,280.2,282.9,279.7,281.2,19265.859
2022-12-24 01:30:00,282.6,283.9,282.3,283.4,4389.970075954739
2022-12-24 01:45:00,282.5,283.8,279.8,283.8,11080.6726
2022-12-24 02:00:00,281.3,283.7,279.8,283.5,16396.6936
2022-12-24 02:15:00,283.0,283.6,280.0,280.0,15836.689
2022-12-24 02:30:00,279.9,283.6,279.5,281.9,16071.4129
2022-12-24 02:45:00,283.4,283.4,283.4,283.4,2.0
2022-12-24 03:00:00,283.6,283.6,279.6,283.6,13702.7459
2022-12-24 03:15:00,281.2,281.2,279.5,279.5,6095.9927
2022-12-24 03:30:00,283.5,283.6,279.3,283.6,5096.0424
2022-12-24 03:45:00,283.4,283.4,283.4,283.4,3651.2705
2022-12-24 04:00:00,280.1,280.1,279.7,279.7,6711.6825
2022-12-24 04:15:00,283.4,283.4,279.7,279.7,207.9756
2022-12-24 05:00:00,283.3,283.3,283.3,283.3,7000.0
2022-12-24 05:15:00,279.9,283.4,279.8,283.4,7476.2518
2022-12-24 05:30:00,283.4,284.9,283.4,284.4,17294.7513
2022-12-24 05:45:00,284.4,284.7,284.2,284.7,20149.7162
2022-12-24 06:00:00,284.7,284.7,280.8,284.6,3460.1394
2022-12-24 06:15:00,284.5,285.1,284.1,284.9,18695.198423762722
2022-12-24 06:30:00,281.2,292.3,281.2,291.9,29988.089655696203
2022-12-24 06:45:00,291.9,293.4,288.4,292.7,16332.713990782884
2022-12-24 07:00:00,292.6,293.4,286.1,288.7,19875.635083498124
2022-12-24 07:15:00,286.7,291.9,286.7,291.9,796.2357058581706
2022-12-24 07:30:00,291.6,291.6,286.7,286.7,17717.2253
2022-12-24 07:45:00,286.7,290.1,286.0,286.3,16820.4128
2022-12-24 08:00:00,286.3,288.6,286.2,288.0,5721.5958
2022-12-24 08:15:00,287.8,288.6,281.6,281.6,35282.6572
2022-12-24 08:30:00,281.7,284.9,280.3,283.4,32048.8721
2022-12-24 08:45:00,283.0,286.7,280.5,286.7,26853.191282398693
2022-12-24 09:00:00,286.1,286.1,279.1,280.0,86748.0623
2022-12-24 09:15:00,282.6,284.0,276.6,277.0,133786.01618054716
2022-12-24 09:30:00,277.1,281.0,276.7,279.2,11394.100254384699
2022-12-24 09:45:00,279.0,279.0,274.3,276.9,57324.79361242326
2022-12-24 10:00:00,276.9,279.2,275.1,277.0,18119.418487576742
2022-12-24 10:15:00,278.8,279.0,276.0,278.9,11573.10045483871
2022-12-24 10:30:00,278.9,279.5,278.8,279.5,25230.32195313059
2022-12-24 10:45:00,278.0,279.3,276.4,277.0,20034.251533094557
2022-12-24 11:00:00,277.3,283.4,277.3,279.4,26554.73474686941
2022-12-24 11:15:00,283.2,283.3,278.4,279.2,8187.4598
2022-12-24 11:30:00,281.6,284.9,281.4,282.1,56587.455627259835
2022-12-24 11:45:00,282.0,283.9,279.1,279.1,8683.896416238113
2022-12-24 12:00:00,279.1,280.2,277.7,279.4,19106.95426153846
2022-12-24 12:15:00,279.4,279.7,279.4,279.7,8687.4472
2022-12-24 12:30:00,279.0,280.2,277.9,280.2,9871.0106
2022-12-24 12:45:00,278.3,281.6,278.2,281.3,1282.315337010676
2022-12-24 13:00:00,281.3,281.8,278.8,278.8,7250.1166
2022-12-24 13:15:00,278.8,282.7,278.8,279.7,13692.8156
2022-12-24 13:30:00,279.5,279.5,278.8,278.9,8356.1236
2022-12-24 13:45:00,280.2,285.6,279.1,281.0,39076.890960517914
2022-12-24 14:00:00,281.0,281.0,279.2,279.2,22448.1958
2022-12-24 14:15:00,283.6,283.7,281.0,282.5,12024.3679
2022-12-24 14:30:00,282.5,284.0,282.5,283.0,12540.115701408451
2022-12-24 14:45:00,282.8,282.9,282.8,282.9,639.7744
2022-12-24 15:00:00,282.7,285.1,281.9,285.1,15136.4485
2022-12-24 15:15:00,285.1,285.1,282.0,282.0,17663.4943
2022-12-24 15:30:00,282.0,282.0,278.8,278.9,14837.2802
2022-12-24 15:45:00,279.1,281.9,277.3,281.9,21470.433526073077
2022-12-24 16:00:00,278.0,278.0,278.0,278.0,2.0
2022-12-24 16:15:00,278.3,281.8,276.8,277.0,58559.9914
2022-12-24 16:30:00,279.2,279.3,277.0,279.3,4941.6672
2022-12-24 16:45:00,281.0,281.8,281.0,281.8,16.1114
2022-12-24 17:00:00,279.3,281.5,279.0,279.0,6607.212093428064
2022-12-24 17:15:00,278.0,280.9,277.1,277.4,26097.385150195798
2022-12-24 17:30:00,277.4,281.0,277.1,277.5,24261.0583
2022-12-24 17:45:00,277.5,281.0,277.4,277.4,4519.115986679135
2022-12-24 18:00:00,279.0,280.8,277.4,277.8,1026.3343402065527
2022-12-24 18:15:00,277.8,280.7,277.7,280.7,6526.137021802636
2022-12-24 18:30:00,277.8,277.8,277.7,277.8,5973.9798
2022-12-24 18:45:00,277.9,280.3,277.7,277.8,3631.0029
2022-12-24 19:00:00,277.9,280.2,277.7,280.2,11027.42618993576
2022-12-24 19:15:00,280.2,280.3,277.2,280.0,32101.82815450613
2022-12-24 19:30:00,279.9,279.9,278.0,279.9,17680.062807609862
2022-12-24 19:45:00,279.0,279.0,275.0,278.4,42132.93123563218
2022-12-24 20:00:00,278.4,278.5,275.4,278.1,19082.04261731322
2022-12-24 20:15:00,278.5,279.8,277.1,279.8,4810.902683202287
2022-12-24 20:30:00,278.3,279.8,278.3,278.5,5526.7353
2022-12-24 20:45:00,278.3,278.3,275.8,277.4,10188.2945
2022-12-24 21:00:00,276.8,278.2,276.8,277.9,2603.0917
2022-12-24 21:15:00,277.9,278.3,275.0,275.0,41430.34527808136
2022-12-24 21:30:00,277.0,277.0,275.7,276.6,11565.3018
2022-12-24 21:45:00,276.6,277.9,275.7,277.9,6045.0943
2022-12-24 22:00:00,277.9,278.5,275.8,278.5,3842.8854
2022-12-24 22:15:00,278.5,280.4,277.9,277.9,2822.248006419401
2022-12-24 22:30:00,280.1,282.7,280.1,282.7,12711.399
2022-12-24 22:45:00,280.4,282.5,278.3,278.4,15139.3648
2022-12-24 23:00:00,279.1,279.1,278.4,279.1,8161.391564887137
2022-12-24 23:15:00,278.5,282.6,278.5,282.6,14663.480818436446
2022-12-24 23:30:00,279.4,281.0,279.0,280.0,9678.3245
2022-12-24 23:45:00,281.0,285.0,280.1,284.8,20455.079175639246
2022-12-25 00:00:00,284.4,284.8,274.7,274.7,75908.0087814517
2022-12-25 00:15:00,274.7,276.3,270.1,274.0,65365.943778189314
2022-12-25 00:30:00,272.6,274.4,272.5,274.3,23953.356130441123
2022-12-25 00:45:00,274.3,274.4,271.7,273.9,10632.083151155712
2022-12-25 01:00:00,273.7,277.2,270.0,277.2,40289.09145375413
2022-12-25 01:15:00,277.2,280.4,272.3,277.2,24622.473165952415
2022-12-25 01:30:00,276.6,279.0,276.3,278.2,732.1338
2022-12-25 01:45:00,278.0,278.0,276.3,278.0,4328.2337
2022-12-25 02:00:00,278.0,280.6,278.0,280.4,8566.4756
2022-12-25 02:15:00,280.1,280.1,276.3,279.8,23881.5732
2022-12-25 02:30:00,279.3,279.8,272.0,279.5,20056.0567
2022-12-25 02:45:00,279.3,279.3,272.0,278.8,1667.8923
2022-12-25 03:00:00,274.9,279.2,274.9,279.2,3988.4354
2022-12-25 03:15:00,273.6,278.1,273.6,278.1,1233.8404
2022-12-25 03:30:00,276.0,276.0,276.0,276.0,7834.1676
2022-12-25 03:45:00,279.1,279.1,279.1,279.1,979.2759
2022-12-25 04:00:00,278.9,278.9,278.9,278.9,173.71459304410183
2022-12-25 04:15:00,273.3,273.3,273.3,273.3,173.7146
2022-12-25 04:30:00,278.9,278.9,278.9,278.9,3.4595
2022-12-25 04:45:00,278.4,278.5,278.4,278.5,4325.4426
2022-12-25 05:30:00,277.8,277.8,277.4,277.4,216.03468092152627
2022-12-25 05:45:00,275.6,275.6,275.6,275.6,2902.7578
2022-12-25 06:00:00,276.6,276.6,272.9,272.9,1518.0132
2022-12-25 06:15:00,272.5,273.7,272.0,273.7,5947.5257
2022-12-25 06:30:00,273.5,273.5,271.9,271.9,2175.8717
2022-12-25 06:45:00,271.6,273.1,270.5,270.5,42479.1077
2022-12-25 07:00:00,270.6,270.7,270.1,270.7,10934.954
2022-12-25 07:15:00,272.9,276.4,272.9,276.4,13923.059368596238
2022-12-25 07:30:00,274.8,276.4,274.8,276.4,7473.193
2022-12-25 07:45:00,276.0,276.0,273.0,274.4,6778.2226
2022-12-25 08:00:00,274.5,274.5,271.9,271.9,1579.5736807439825
2022-12-25 08:15:00,273.2,273.2,271.1,271.1,17212.697010834552
2022-12-25 08:30:00,271.2,273.1,271.1,273.0,22346.236935847675
2022-12-25 08:45:00,271.5,273.9,270.5,273.2,35558.490907557505
2022-12-25 09:00:00,271.2,274.2,271.1,272.9,14588.41940809628
2022-12-25 09:15:00,271.1,272.3,270.7,270.8,9692.845006243115
2022-12-25 09:30:00,270.8,272.3,270.8,270.8,928.9971
2022-12-25 09:45:00,270.8,274.1,270.8,274.1,8016.386204349845
2022-12-25 10:00:00,273.6,276.4,272.0,276.2,22546.429751918313
2022-12-25 10:15:00,276.2,278.3,274.2,274.2,38051.18390405503
2022-12-25 10:30:00,278.1,279.1,274.3,276.6,14801.4424
2022-12-25 10:45:00,276.6,278.8,273.0,277.1,24369.9426
2022-12-25 11:00:00,273.1,277.4,272.9,277.4,7600.590707678442
2022-12-25 11:15:00,277.4,277.4,274.1,277.2,3120.6927
2022-12-25 11:30:00,277.2,277.4,274.1,274.3,870.7579
2022-12-25 11:45:00,277.1,278.2,277.1,278.2,2309.5285
2022-12-25 12:00:00,275.2,278.1,275.1,278.1,2889.263113628191
2022-12-25 12:15:00,278.0,278.0,277.9,278.0,634.5378431654676
2022-12-25 12:30:00,278.0,278.1,277.9,278.1,5452.28357452601
2022-12-25 12:45:00,278.1,278.1,278.1,278.1,12.923408845738942
2022-12-25 13:00:00,278.1,278.1,274.0,274.2,6806.089341432716
2022-12-25 13:15:00,277.9,277.9,272.0,273.9,7135.596589752711
2022-12-25 13:30:00,272.7,275.0,272.6,274.9,12687.281
2022-12-25 13:45:00,272.4,277.9,270.5,270.9,54174.98250618928
2022-12-25 14:00:00,271.3,277.1,271.3,272.2,9038.0726
2022-12-25 14:15:00,272.2,276.3,272.2,275.4,7755.3138
2022-12-25 14:30:00,275.0,275.0,271.3,274.4,16566.9308
2022-12-25 14:45:00,271.5,274.0,271.4,273.8,7095.5542
2022-12-25 15:00:00,271.9,274.5,271.9,273.9,2241.320585717214
2022-12-25 15:15:00,274.6,274.6,272.0,272.0,25603.3054
2022-12-25 15:30:00,272.0,274.6,272.0,274.6,2600.7995
2022-12-25 15:45:00,274.5,274.5,272.1,272.5,9343.7927
2022-12-25 16:00:00,272.5,274.5,272.5,274.5,1129.3446617486338
2022-12-25 16:15:00,272.5,274.4,272.0,272.1,4737.7688
2022-12-25 16:30:00,272.1,274.4,272.0,274.3,4548.179
2022-12-25 16:45:00,274.3,274.4,274.2,274.3,2211.2634
2022-12-25 17:00:00,274.3,274.5,274.3,274.5,19322.9758
2022-12-25 17:15:00,272.3,272.5,272.0,272.5,10363.6028
2022-12-25 17:30:00,272.5,274.4,272.3,272.3,4516.481913010204
2022-12-25 17:45:00,274.3,274.5,274.3,274.5,1143.4005824360618
2022-12-25 18:00:00,274.5,274.5,273.0,274.5,999.5158389799635
2022-12-25 18:15:00,274.5,276.6,272.3,276.6,8115.1095
2022-12-25 18:30:00,276.6,276.6,272.4,272.4,3869.3564
2022-12-25 18:45:00,275.0,275.0,272.5,274.9,6695.685
2022-12-25 19:00:00,274.9,274.9,274.9,274.9,93.5045
2022-12-25 19:15:00,272.6,274.9,272.6,272.6,8916.6324
2022-12-25 19:30:00,272.8,274.9,272.5,274.8,12647.3715
2022-12-25 19:45:00,272.9,274.8,272.4,274.4,14615.069972489084
2022-12-25 20:00:00,272.4,274.0,272.4,274.0,2698.8747
2022-12-25 20:15:00,272.5,273.8,272.0,272.0,26569.855230384368
2022-12-25 20:30:00,273.6,273.6,272.0,272.1,2421.6290134502924
2022-12-25 20:45:00,272.1,273.6,270.3,273.6,35479.01783121345
2022-12-25 21:00:00,273.6,274.0,273.5,274.0,6310.06626878655
2022-12-25 21:15:00,273.6,273.8,270.1,273.2,11657.98811297989
2022-12-25 21:30:00,273.2,273.2,270.4,273.0,3641.1477
2022-12-25 21:45:00,273.0,273.0,270.5,273.0,2983.8892
2022-12-25 22:00:00,273.0,273.9,273.0,273.9,810.5988
2022-12-25 22:15:00,273.9,279.7,272.3,279.7,14922.678703419477
2022-12-25 22:30:00,279.7,279.7,273.6,278.7,7397.473739426523
2022-12-25 22:45:00,278.7,279.0,275.3,279.0,14005.167
2022-12-25 23:00:00,276.1,279.0,276.0,276.0,6276.7473
2022-12-25 23:15:00,276.1,276.9,273.2,276.9,8487.2949
2022-12-25 23:30:00,276.9,276.9,273.5,276.5,11738.9431
2022-12-25 23:45:00,276.5,278.6,274.4,278.1,13575.463007443366
2022-12-26 00:00:00,278.1,279.9,265.6,272.8,87146.69011057011
2022-12-26 00:15:00,269.1,275.8,260.5,267.6,106552.24779979564
2022-12-26 00:30:00,266.5,267.1,261.0,265.3,49178.70501224105
2022-12-26 00:45:00,263.0,275.5,263.0,264.8,16137.4378
2022-12-26 01:00:00,265.6,265.6,263.0,265.4,32629.759201308487
2022-12-26 01:15:00,265.4,270.2,262.3,270.2,14046.5793
2022-12-26 01:30:00,269.5,269.9,268.5,268.5,107.73366502703881
2022-12-26 01:45:00,268.5,269.9,268.5,269.7,2018.9674779422005
2022-12-26 02:00:00,265.0,269.1,263.2,269.1,157.5379
2022-12-26 02:15:00,265.0,267.8,262.4,262.4,695.3126019597064
2022-12-26 02:30:00,267.2,267.2,267.0,267.0,43.7122216241674
2022-12-26 02:45:00,267.0,267.0,267.0,267.0,50.857677902621724
2022-12-26 03:00:00,266.5,266.5,265.0,265.0,10.037
2022-12-26 03:15:00,262.6,262.6,262.6,262.6,1387.8327
2022-12-26 03:30:00,262.6,266.8,262.6,266.8,3335.2778
2022-12-26 04:30:00,265.9,265.9,259.4,259.4,2947.298
2022-12-26 04:45:00,259.5,259.5,259.2,259.2,3690.5688
2022-12-26 05:00:00,265.2,265.2,265.2,265.2,3.0542
2022-12-26 05:15:00,259.2,264.8,259.2,264.8,1221.5453
2022-12-26 05:30:00,259.5,259.6,258.7,258.7,14699.7722
2022-12-26 05:45:00,258.6,259.0,256.3,259.0,41850.9146
2022-12-26 06:00:00,259.0,263.5,257.1,257.5,27294.0375
2022-12-26 06:15:00,263.3,263.3,257.6,257.6,841.0256
2022-12-26 06:30:00,262.6,262.6,257.8,262.5,168.6988
2022-12-26 06:45:00,257.8,263.0,257.8,258.2,4869.9048
2022-12-26 07:00:00,262.1,262.1,258.2,260.0,4219.1652
2022-12-26 07:15:00,260.1,263.1,260.1,263.1,6249.673
2022-12-26 07:30:00,262.0,263.1,258.4,262.0,41948.0484
2022-12-26 07:45:00,262.8,262.8,259.9,259.9,24472.5228
2022-12-26 08:00:00,259.9,262.4,259.9,262.2,11770.3901
2022-12-26 08:15:00,262.3,262.5,260.2,260.2,11066.886
2022-12-26 08:30:00,260.2,262.2,260.0,262.2,24188.5192
2022-12-26 08:45:00,260.3,263.2,260.3,263.1,6685.4915902735565
2022-12-26 09:00:00,263.1,263.2,260.0,263.0,11469.7278
2022-12-26 09:15:00,263.1,263.1,260.0,260.3,22847.8147
2022-12-26 09:30:00,260.2,261.9,260.2,260.2,13740.7141
2022-12-26 09:45:00,260.2,261.4,258.8,258.8,36451.137
2022-12-26 10:00:00,258.7,261.4,255.7,257.4,52013.32423546289
2022-12-26 10:15:00,257.4,260.3,257.1,259.9,3367.1909217825587
2022-12-26 10:30:00,257.6,260.0,257.3,259.7,16246.3723
2022-12-26 10:45:00,257.6,259.7,257.2,257.5,11536.5465
2022-12-26 11:00:00,257.5,257.5,256.8,257.4,8733.1553
2022-12-26 11:15:00,259.7,259.7,256.7,258.0,22898.5708
2022-12-26 11:30:00,258.0,260.0,258.0,258.1,2560.2988
2022-12-26 11:45:00,258.1,259.8,255.5,255.6,41310.0185
2022-12-26 12:00:00,258.7,259.0,255.1,258.9,28524.412409656237
2022-12-26 12:15:00,258.8,258.8,258.6,258.8,2260.0419
2022-12-26 12:30:00,258.7,258.7,256.0,256.0,3706.1248
2022-12-26 12:45:00,256.0,258.7,255.9,258.7,2183.7773
2022-12-26 13:00:00,258.7,258.7,256.2,258.6,2049.650108670038
2022-12-26 13:15:00,258.6,258.6,257.9,257.9,5702.5945
2022-12-26 13:30:00,257.8,258.5,256.3,256.5,23899.4731
2022-12-26 13:45:00,256.5,258.5,256.5,257.0,74041.9384470678
2022-12-26 14:00:00,256.9,258.4,256.9,258.3,13214.3981
2022-12-26 14:15:00,257.1,257.1,256.3,256.3,8067.495648482491
2022-12-26 14:30:00,258.2,258.2,256.1,257.8,14128.4279
2022-12-26 14:45:00,257.9,258.2,255.2,255.7,62288.1801
2022-12-26 15:00:00,255.7,258.0,255.7,258.0,3549.7206
2022-12-26 15:15:00,256.8,256.8,255.4,255.4,14118.77179470405
2022-12-26 15:30:00,255.5,257.8,255.2,257.8,7948.893311214953
2022-12-26 15:45:00,257.2,258.0,255.7,258.0,38543.8423
2022-12-26 16:00:00,257.8,260.0,257.8,260.0,58909.53522202667
2022-12-26 16:15:00,260.4,262.9,258.5,258.5,79277.04366956522
2022-12-26 16:30:00,262.5,262.5,258.0,261.6,16382.1914
2022-12-26 16:45:00,261.4,261.6,257.8,257.8,73854.76727095293
2022-12-26 17:00:00,261.2,261.6,257.8,258.0,88482.9249
2022-12-26 17:15:00,260.7,260.8,257.8,257.8,15620.721274846626
2022-12-26 17:30:00,257.9,260.7,257.8,257.8,7765.828333656456
2022-12-26 17:45:00,257.8,258.0,257.8,258.0,19335.112366343543
2022-12-26 18:00:00,258.0,260.7,258.0,260.6,64839.48130115075
2022-12-26 18:15:00,258.1,259.9,255.2,256.3,70959.3943
2022-12-26 18:30:00,256.3,259.8,255.9,259.2,17379.8687
2022-12-26 18:45:00,259.2,259.2,259.2,259.2,2.0
2022-12-26 19:00:00,258.5,258.5,256.0,256.7,8783.3527
2022-12-26 19:15:00,256.7,259.0,255.9,257.0,4770.6446
2022-12-26 19:30:00,258.5,258.7,255.9,258.3,3119.7096
2022-12-26 19:45:00,256.2,259.0,256.2,258.6,11554.1015
2022-12-26 20:00:00,257.6,259.0,256.2,257.8,3590.8141
2022-12-26 20:15:00,257.8,258.9,256.2,258.5,12000.692101255348
2022-12-26 20:30:00,258.4,258.7,256.2,256.2,26777.8497
2022-12-26 20:45:00,255.5,258.3,255.2,258.1,9264.1612
2022-12-26 21:00:00,258.1,258.1,256.2,258.0,4485.171940294459
2022-12-26 21:15:00,256.3,258.1,255.2,258.0,23551.038172607517
2022-12-26 21:30:00,258.1,258.1,256.0,256.1,1413.601
2022-12-26 21:45:00,258.0,258.1,256.4,256.4,5447.6539
2022-12-26 22:00:00,256.4,256.5,256.3,256.5,22505.7764
2022-12-26 22:15:00,258.1,258.8,256.2,256.2,19662.683087098023
2022-12-26 22:30:00,258.5,262.7,258.5,262.7,39487.3716
2022-12-26 22:45:00,262.7,265.5,257.1,257.1,40848.422
2022-12-26 23:00:00,263.0,263.0,258.5,262.6,298.79351485148516
2022-12-26 23:15:00,262.0,262.5,261.1,262.5,11172.451552380953
2022-12-26 23:30:00,262.0,262.0,256.0,261.8,25258.3168
2022-12-26 23:45:00,256.1,261.7,256.1,261.4,6556.038889329889
2022-12-27 00:00:00,261.4,261.4,255.0,255.0,77131.4223
2022-12-27 00:15:00,254.5,254.5,249.0,253.8,41756.1343
2022-12-27 00:30:00,250.2,253.7,249.0,250.0,30485.948868427276
2022-12-27 00:45:00,248.9,249.7,245.4,245.4,36344.6488
2022-12-27 01:00:00,245.3,253.7,245.0,253.5,18107.05724589348
2022-12-27 01:15:00,248.4,252.9,245.3,252.4,18139.334286120997
2022-12-27 01:30:00,251.7,251.7,243.1,244.1,25748.9105
2022-12-27 01:45:00,244.2,249.7,244.1,244.5,9393.465
2022-12-27 02:00:00,248.0,249.9,244.6,249.7,11413.7686
2022-12-27 02:15:00,249.7,249.7,249.6,249.7,400.48446936323586
2022-12-27 02:30:00,249.6,249.6,244.8,249.6,870.9053
2022-12-27 02:45:00,249.6,249.6,249.5,249.5,3504.600123076923
2022-12-27 03:00:00,249.5,249.8,244.6,244.6,2664.2634
2022-12-27 03:15:00,244.7,247.5,243.5,247.5,3675.6384
2022-12-27 03:30:00,244.2,247.5,242.9,242.9,17843.8684
2022-12-27 03:45:00,242.8,247.5,242.8,247.5,25861.6004
2022-12-27 04:00:00,247.1,247.1,247.1,247.1,3397.9651
2022-12-27 04:15:00,247.1,247.5,247.1,247.5,1322.5777
2022-12-27 04:30:00,247.4,247.4,247.4,247.4,2760.1778
2022-12-27 05:15:00,247.0,253.6,246.0,253.6,22329.2798
2022-12-27 05:30:00,253.6,253.6,247.6,253.6,1768.7001
2022-12-27 06:15:00,247.3,247.3,247.3,247.3,114.6645
2022-12-27 06:30:00,253.0,253.0,247.5,247.5,42.509
2022-12-27 06:45:00,253.0,253.1,247.8,247.8,10849.202
2022-12-27 07:00:00,247.7,247.9,247.0,247.0,25981.8842
2022-12-27 07:15:00,247.0,250.5,245.0,250.5,55583.8959237785
2022-12-27 07:30:00,248.8,248.8,245.2,247.9,1680.7636334508868
2022-12-27 07:45:00,245.4,247.9,245.1,247.9,19315.43409193223
2022-12-27 08:00:00,247.8,247.8,245.1,245.2,24415.2546
2022-12-27 08:15:00,247.3,247.3,244.0,247.3,27282.3864
2022-12-27 08:30:00,247.3,247.3,247.2,247.3,7075.8399
2022-12-27 08:45:00,247.7,252.8,247.7,251.1,47867.5024
2022-12-27 09:00:00,253.1,253.3,246.8,251.0,23471.5684
2022-12-27 09:15:00,251.0,252.7,250.9,250.9,506.2386
2022-12-27 09:30:00,247.3,249.2,241.1,241.3,157304.0497
2022-12-27 09:45:00,245.7,245.8,241.5,242.4,6505.2111
2022-12-27 10:00:00,245.1,245.8,243.1,243.1,24889.61684161567
2022-12-27 10:15:00,248.1,248.4,242.5,242.8,56843.318353140094
2022-12-27 10:30:00,242.9,247.0,240.7,240.7,113648.72205761133
2022-12-27 10:45:00,241.0,246.2,241.0,241.2,23514.655787692933
2022-12-27 11:00:00,245.3,245.3,241.2,241.6,26453.9679
2022-12-27 11:15:00,245.3,245.3,241.1,245.0,48178.87507917517
2022-12-27 11:30:00,244.8,244.9,241.1,241.2,36782.7466
2022-12-27 11:45:00,241.2,244.8,241.2,241.2,8098.4155
2022-12-27 12:00:00,244.3,244.3,240.7,240.7,72006.24762870178
2022-12-27 12:15:00,241.1,244.1,238.6,239.2,21380.709471298218
2022-12-27 12:30:00,243.7,243.7,237.2,242.7,30385.9665
2022-12-27 12:45:00,242.5,242.5,235.5,241.9,16853.4188
2022-12-27 13:00:00,236.8,241.5,236.6,236.6,52877.79104319527
2022-12-27 13:15:00,240.5,240.5,237.0,237.0,1001.6631
2022-12-27 13:30:00,240.5,241.1,237.8,241.0,42599.9317
2022-12-27 13:45:00,241.0,241.1,238.1,241.1,25681.3428
2022-12-27 14:00:00,241.1,241.1,240.9,240.9,5619.7491
2022-12-27 14:15:00,240.9,241.0,236.5,237.0,72276.7543
2022-12-27 14:30:00,237.1,240.9,237.0,237.3,45556.84971652138
2022-12-27 14:45:00,240.9,240.9,236.9,240.9,58201.5249
2022-12-27 15:00:00,240.8,240.9,238.0,238.4,20114.657633887044
2022-12-27 15:15:00,240.9,240.9,238.5,240.8,34060.3281
2022-12-27 15:30:00,240.7,240.9,238.2,240.8,23004.68526399769
2022-12-27 15:45:00,240.8,241.0,238.0,239.9,53028.3699
2022-12-27 16:00:00,239.9,241.0,239.6,239.8,55891.2719
2022-12-27 16:15:00,240.0,245.0,239.7,240.7,36210.8467013549
2022-12-27 16:30:00,244.9,245.0,241.5,244.9,21690.1727
2022-12-27 16:45:00,241.6,244.8,241.5,241.5,9672.5089
2022-12-27 17:00:00,241.5,244.1,240.0,242.5,10391.8697
2022-12-27 17:15:00,242.5,243.1,240.8,242.5,2739.0336783505154
2022-12-27 17:30:00,242.9,242.9,242.5,242.5,30711.669895100866
2022-12-27 17:45:00,242.0,243.1,240.7,241.0,19304.312231687243
2022-12-27 18:00:00,243.1,245.0,242.1,244.9,13457.981824367347
2022-12-27 18:15:00,244.8,244.8,242.3,244.2,3167.180230718954
2022-12-27 18:30:00,244.6,245.0,242.6,244.9,15056.9894
2022-12-27 18:45:00,244.9,251.4,243.4,251.3,27827.8944
2022-12-27 19:00:00,251.2,251.3,242.2,245.0,25130.171249423
2022-12-27 19:15:00,244.2,246.9,243.6,246.5,24098.967195747267
2022-12-27 19:30:00,245.9,246.3,243.0,243.0,47285.0668
2022-12-27 19:45:00,244.8,244.8,243.0,243.0,15093.6095
2022-12-27 20:00:00,244.7,244.7,243.0,243.1,6224.0842
2022-12-27 20:15:00,243.1,243.1,242.6,242.6,35735.0434
2022-12-27 20:30:00,242.6,244.1,242.5,244.0,20189.6507
2022-12-27 20:45:00,243.9,244.0,242.1,242.1,20434.469
2022-12-27 21:00:00,242.1,244.0,241.2,241.3,5819.093904918032
2022-12-27 21:15:00,243.3,244.0,241.2,244.0,24868.4915
2022-12-27 21:30:00,244.0,244.0,241.5,241.5,7904.3139
2022-12-27 21:45:00,243.9,244.0,241.8,244.0,31180.140806557378
2022-12-27 22:00:00,243.8,243.8,243.8,243.8,4225.7757
2022-12-27 22:15:00,243.9,243.9,243.8,243.8,16574.8681
2022-12-27 22:30:00,241.8,241.8,241.2,241.3,8531.9035
2022-12-27 22:45:00,241.5,243.7,241.5,243.4,193.9873
2022-12-27 23:00:00,243.4,243.4,243.0,243.1,7879.0918
2022-12-27 23:15:00,243.1,243.2,241.3,243.0,4420.834619736842
2022-12-27 23:30:00,243.2,243.8,242.5,243.8,28295.490928786538
2022-12-27 23:45:00,243.8,251.0,243.8,249.7,45054.707129779265
2022-12-28 00:00:00,251.0,261.4,241.3,246.7,122656.32748627174
2022-12-28 00:15:00,246.7,253.7,244.8,245.4,22158.6468
2022-12-28 00:30:00,251.8,251.8,241.7,241.8,25763.7872
2022-12-28 00:45:00,241.7,243.8,241.3,243.1,10634.5604
2022-12-28 01:00:00,243.1,243.1,242.7,242.7,10989.52
2022-12-28 01:15:00,243.8,243.9,242.2,243.9,1972.5816229602297
2022-12-28 01:30:00,243.9,250.1,243.9,250.0,5828.23757703977
2022-12-28 01:45:00,250.0,250.0,242.7,250.0,1784.388
2022-12-28 02:30:00,244.7,245.1,241.5,245.1,5324.517
2022-12-28 02:45:00,244.2,244.2,244.2,244.2,201.4701
2022-12-28 03:00:00,241.9,241.9,241.3,241.3,2953.2292
2022-12-28 03:15:00,242.8,242.8,241.3,241.3,6031.453
2022-12-28 04:00:00,244.6,244.6,242.1,244.6,21.1883
2022-12-28 04:15:00,243.0,243.0,242.9,242.9,4378.6573
2022-12-28 05:15:00,242.9,242.9,241.2,241.2,4011.6669
2022-12-28 06:00:00,242.8,243.8,242.8,243.8,8931.1496
2022-12-28 06:15:00,241.3,241.3,241.3,241.3,1745.442
2022-12-28 06:30:00,241.3,241.3,241.2,241.2,2601.3002
2022-12-28 06:45:00,241.3,244.0,241.2,243.9,6116.4579
2022-12-28 07:00:00,248.1,248.1,241.2,241.3,16276.3920846309
2022-12-28 07:15:00,241.3,241.4,241.3,241.4,16060.041
2022-12-28 07:30:00,241.4,241.4,241.4,241.4,4788.964
2022-12-28 07:45:00,241.4,246.3,241.2,244.4,30461.9119
2022-12-28 08:00:00,241.2,241.2,235.0,235.0,45851.0455
2022-12-28 08:15:00,236.5,239.0,235.0,236.7,17189.5455
2022-12-28 08:30:00,236.8,238.7,236.8,237.0,9533.2374
2022-12-28 08:45:00,241.2,241.2,237.5,241.2,17036.92989680763
2022-12-28 09:00:00,238.0,241.0,238.0,238.1,7739.2803
2022-12-28 09:15:00,238.1,238.1,236.6,236.6,29758.9915
2022-12-28 09:30:00,237.3,241.0,237.3,241.0,4930.7193
2022-12-28 09:45:00,238.1,238.1,238.1,238.1,1397.4025
2022-12-28 10:00:00,240.9,240.9,237.3,240.5,39493.2478
2022-12-28 10:15:00,240.5,240.5,237.5,237.5,4528.360540748441
2022-12-28 10:30:00,237.4,240.5,237.4,240.5,9487.8675
2022-12-28 10:45:00,237.6,239.8,237.3,239.6,24636.0985
2022-12-28 11:00:00,237.0,238.7,236.6,238.7,9780.7942
2022-12-28 11:15:00,238.7,238.7,236.6,236.6,27069.222
2022-12-28 11:30:00,238.6,238.8,238.6,238.7,7733.5565
2022-12-28 11:45:00,238.7,238.8,237.0,237.3,4769.388222403685
2022-12-28 12:00:00,237.2,237.2,237.2,237.2,9860.7573
2022-12-28 12:15:00,237.3,238.8,237.2,238.7,15475.788226465662
2022-12-28 12:30:00,238.7,238.7,234.6,234.6,40850.1081
2022-12-28 12:45:00,234.7,236.8,234.5,234.6,17380.755825675675
2022-12-28 13:00:00,234.6,236.7,234.0,234.1,14036.785
2022-12-28 13:15:00,234.1,234.1,232.7,234.1,34570.435
2022-12-28 13:30:00,234.1,234.2,234.1,234.1,22905.0187
2022-12-28 13:45:00,236.1,236.1,232.8,232.8,6324.855062849872
2022-12-28 14:00:00,232.7,235.9,232.7,235.7,15460.4536
2022-12-28 14:15:00,235.6,235.6,234.5,234.5,90.4813
2022-12-28 14:30:00,233.7,233.7,228.0,229.9,46875.083912048714
2022-12-28 14:45:00,228.7,229.9,226.0,226.1,20935.61661730347
2022-12-28 15:00:00,227.7,229.9,227.0,228.7,8961.099707905558
2022-12-28 15:15:00,227.5,228.8,226.0,226.1,63310.2539
2022-12-28 15:30:00,226.1,229.5,224.8,224.8,26426.4078
2022-12-28 15:45:00,224.7,228.8,224.1,227.9,17556.479440446
2022-12-28 16:00:00,227.8,227.8,227.8,227.8,1610.9168
2022-12-28 16:15:00,227.7,227.7,223.0,223.1,8893.9183
2022-12-28 16:30:00,227.5,227.5,223.1,223.5,1476.2346390921111
2022-12-28 16:45:00,226.7,226.7,223.8,226.6,9905.6956
2022-12-28 17:00:00,226.5,227.0,224.8,227.0,50363.72811982379
2022-12-28 17:15:00,226.9,226.9,225.5,225.8,18399.8053
2022-12-28 17:30:00,225.9,227.0,225.9,227.0,71817.04
2022-12-28 17:45:00,227.0,230.0,227.0,227.1,11677.430980176212
2022-12-28 18:00:00,227.1,230.7,227.0,230.7,7583.2836
2022-12-28 18:15:00,227.1,229.8,225.7,226.5,8274.875319823788
2022-12-28 18:30:00,229.8,229.8,226.1,229.8,4403.6512
2022-12-28 18:45:00,229.8,229.8,226.1,229.6,21265.7909
2022-12-28 19:00:00,229.6,234.2,226.2,232.3,16923.8576
2022-12-28 19:15:00,233.1,233.1,230.5,233.0,5988.619244635193
2022-12-28 19:30:00,230.5,233.2,230.0,233.1,21667.5769
2022-12-28 19:45:00,230.3,233.1,227.7,231.1,5337.557323208924
2022-12-28 20:00:00,231.1,231.1,227.5,227.5,12884.2511
2022-12-28 20:15:00,230.3,231.0,229.7,230.9,7413.512082943723
2022-12-28 20:30:00,231.0,231.0,227.6,231.0,7343.1781
2022-12-28 20:45:00,230.1,230.1,230.1,230.1,617.0969
2022-12-28 21:00:00,230.1,230.1,227.8,227.8,5064.7641
2022-12-28 21:15:00,227.7,230.9,227.5,230.9,17328.3949
2022-12-28 21:30:00,231.0,231.0,229.6,229.6,1570.5124181818182
2022-12-28 21:45:00,228.8,231.1,228.8,229.1,1908.9430818181818
2022-12-28 22:00:00,231.2,233.1,229.2,233.1,14621.9136
2022-12-28 22:15:00,233.1,237.9,233.1,237.9,56141.61977679108
2022-12-28 22:30:00,235.6,237.9,235.6,237.8,12459.273490580319
2022-12-28 22:45:00,237.7,237.7,234.6,236.0,8057.6725
2022-12-28 23:00:00,236.0,236.2,236.0,236.2,9661.2244
2022-12-28 23:15:00,236.2,237.9,236.2,237.9,13512.222258175703
2022-12-28 23:30:00,237.9,238.0,236.2,238.0,13774.239636134454
2022-12-28 23:45:00,238.0,238.5,236.2,238.5,5935.86
2022-12-29 00:00:00,238.4,238.4,234.4,237.0,19863.061027623844
2022-12-29 00:15:00,234.4,235.0,229.6,235.0,8161.706142118634
2022-12-29 00:30:00,234.9,236.1,234.9,236.0,7964.1037
2022-12-29 00:45:00,235.9,238.5,235.9,238.5,10341.924428637316
2022-12-29 01:00:00,235.4,238.5,229.5,229.5,5223.401
2022-12-29 01:15:00,232.0,234.4,229.7,229.7,2284.3641
2022-12-29 01:30:00,231.6,231.6,228.8,228.8,8918.3252
2022-12-29 01:45:00,231.8,231.8,231.8,231.8,16.5246
2022-12-29 02:00:00,231.8,231.8,231.8,231.8,128.6247
2022-12-29 02:15:00,231.7,231.7,231.7,231.7,240.1118
2022-12-29 04:00:00,233.8,233.8,229.5,229.5,5454.9945
2022-12-29 04:15:00,229.6,235.5,229.6,235.5,236.8458
2022-12-29 04:30:00,236.0,236.0,235.8,235.8,14.0648
2022-12-29 04:45:00,234.5,234.5,234.5,234.5,3.4795
2022-12-29 05:45:00,234.0,234.0,229.6,229.6,471.8277739948674
2022-12-29 06:00:00,232.4,232.4,232.4,232.4,483.3761757314974
2022-12-29 06:15:00,235.5,238.5,235.5,237.4,7495.590352662473
2022-12-29 06:30:00,238.5,238.5,235.5,238.5,12104.0297
2022-12-29 06:45:00,235.6,238.7,235.5,238.7,30889.31331870021
2022-12-29 07:00:00,238.7,238.7,238.7,238.7,5.2528
2022-12-29 07:15:00,238.7,241.1,238.7,241.1,12444.5941
2022-12-29 07:30:00,241.5,311.8,241.5,310.5,1903723.8710931737
2022-12-29 07:45:00,310.5,325.9,291.7,317.4,1829623.288773055
2022-12-29 08:00:00,317.4,330.4,306.7,330.4,1503831.7315310703
2022-12-29 08:15:00,330.4,330.4,312.0,321.5,949617.394190094
2022-12-29 08:30:00,321.5,321.5,301.0,307.0,673236.0280218242
2022-12-29 08:45:00,308.6,317.0,295.0,300.0,733035.3275106159
2022-12-29 09:00:00,300.0,308.0,280.0,293.2,978852.8291972794
2022-12-29 09:15:00,292.1,296.0,290.7,295.2,319696.80259407894
2022-12-29 09:30:00,295.2,295.7,270.2,279.7,1091164.7173212806
2022-12-29 09:45:00,279.7,288.9,276.1,282.7,465311.19345225807
2022-12-29 10:00:00,280.1,288.8,278.7,285.9,181955.20907917255
2022-12-29 10:15:00,285.9,297.4,280.0,280.0,593087.7427082054
2022-12-29 10:30:00,282.9,287.2,280.0,284.6,100405.51091198318
2022-12-29 10:45:00,282.9,285.7,278.2,279.3,255013.09926307676
2022-12-29 11:00:00,281.4,282.6,273.9,273.9,192230.849
2022-12-29 11:15:00,276.5,276.5,272.0,272.1,205532.77667390852
2022-12-29 11:30:00,273.0,281.2,272.1,274.9,151111.70351792464
2022-12-29 11:45:00,277.0,282.7,275.2,279.1,164639.69951449087
2022-12-29 12:00:00,279.0,282.5,278.8,280.0,60365.22882110821
2022-12-29 12:15:00,280.0,286.1,275.0,284.4,268994.3735762548
2022-12-29 12:30:00,282.9,291.4,279.8,285.1,313649.7945818553
2022-12-29 12:45:00,285.1,285.2,277.0,277.0,203107.61972049132
2022-12-29 13:00:00,277.0,281.2,276.0,278.0,129172.41278543888
2022-12-29 13:15:00,277.9,283.4,276.5,277.3,49606.40368762232
2022-12-29 13:30:00,277.3,281.1,276.7,280.7,59623.24656225542
2022-12-29 13:45:00,280.6,280.6,273.3,273.3,160687.34453924964
2022-12-29 14:00:00,275.4,279.1,271.5,271.5,208528.3792029207
2022-12-29 14:15:00,271.8,277.2,271.5,273.0,64911.93967213309
2022-12-29 14:30:00,271.6,271.6,261.0,263.2,510689.94898429274
2022-12-29 14:45:00,264.6,264.6,251.8,252.0,652867.0455985509
2022-12-29 15:00:00,255.6,255.6,228.8,231.9,1538797.6580841122
2022-12-29 15:15:00,230.5,239.1,223.0,227.9,497667.4294186649
2022-12-29 15:30:00,227.9,236.0,227.0,232.9,164348.44720657927
2022-12-29 15:45:00,233.1,234.7,227.0,229.7,157218.4360142795
2022-12-29 16:00:00,229.8,229.9,220.7,221.0,306127.639
2022-12-29 16:15:00,221.0,224.5,203.5,210.0,655066.1038642084
2022-12-29 16:30:00,210.0,221.7,206.1,215.0,339656.4036044513
2022-12-29 16:45:00,216.7,218.5,211.3,211.3,91117.64744533799
2022-12-29 17:00:00,211.3,212.6,204.6,209.0,105079.0842219457
2022-12-29 17:15:00,209.0,211.3,207.1,207.1,98126.59719089184
2022-12-29 17:30:00,207.1,210.9,201.3,203.4,368635.84824352775
2022-12-29 17:45:00,203.4,206.4,201.8,206.3,183423.66648345607
2022-12-29 18:00:00,206.2,210.4,204.0,210.0,90446.57583873
2022-12-29 18:15:00,210.0,210.0,205.2,209.0,65977.07393647128
2022-12-29 18:30:00,210.0,212.0,207.2,210.1,37382.23000117207
2022-12-29 18:45:00,211.1,214.4,210.1,211.0,56538.622490226386
2022-12-29 19:00:00,211.7,213.4,211.2,212.3,61830.04141559114
2022-12-29 19:15:00,211.4,211.4,208.0,211.2,135363.9147855577
2022-12-29 19:30:00,212.3,215.5,210.1,215.5,19258.166325893773
2022-12-29 19:45:00,214.5,214.5,210.5,212.1,13507.022702033362
2022-12-29 20:00:00,212.1,221.5,212.1,220.0,213170.1119494872
2022-12-29 20:15:00,219.8,219.8,213.8,218.7,23410.4953
2022-12-29 20:30:00,218.8,218.8,215.6,215.6,22109.0897
2022-12-29 20:45:00,214.6,216.2,213.5,216.0,29532.8763
2022-12-29 21:00:00,215.8,215.8,211.2,214.8,93813.88754109971
2022-12-29 21:15:00,214.8,214.8,211.2,214.7,34855.6144
2022-12-29 21:30:00,214.9,214.9,211.3,213.8,32975.42481552853
2022-12-29 21:45:00,213.8,213.8,211.3,213.4,17767.9482
2022-12-29 22:00:00,213.4,213.4,211.3,212.7,11381.1762
2022-12-29 22:15:00,212.7,213.7,211.4,211.4,65836.7779
2022-12-29 22:30:00,213.0,218.5,211.3,216.7,32397.747835423343
2022-12-29 22:45:00,215.6,217.9,212.9,212.9,39834.8717
2022-12-29 23:00:00,213.4,217.5,209.2,213.4,140654.89736408618
2022-12-29 23:15:00,212.3,214.0,210.2,213.5,23450.9661
2022-12-29 23:30:00,213.4,215.6,212.7,215.5,18166.1216
2022-12-29 23:45:00,215.6,216.1,211.8,211.8,64193.1472
2022-12-30 00:00:00,211.8,213.3,205.9,212.2,132235.6733
2022-12-30 00:15:00,211.7,213.4,203.8,203.8,96758.3964359434
2022-12-30 00:30:00,203.9,205.7,198.4,200.2,158467.71875743906
2022-12-30 00:45:00,200.2,202.4,183.3,190.3,369725.32756957033
2022-12-30 01:00:00,192.2,195.2,185.1,193.2,102592.86270473151
2022-12-30 01:15:00,192.2,196.2,190.0,191.4,89810.81075350287
2022-12-30 01:30:00,193.2,198.2,191.2,191.3,15538.814153162572
2022-12-30 01:45:00,191.3,194.2,191.3,194.1,11767.945094338716
2022-12-30 02:00:00,194.1,194.1,191.0,193.2,23256.368926120558
2022-12-30 02:15:00,194.2,194.2,191.3,191.3,15270.932454422476
2022-12-30 02:30:00,191.2,191.2,190.3,190.5,36811.561671128606
2022-12-30 02:45:00,191.8,192.2,190.7,192.2,1224.2709
2022-12-30 03:00:00,193.2,196.0,193.2,195.9,1278.0372
2022-12-30 03:15:00,195.6,195.6,193.2,193.2,10770.9337
2022-12-30 03:30:00,192.2,193.2,191.2,191.2,7674.200901656314
2022-12-30 03:45:00,192.2,192.2,190.8,190.8,16716.2407
2022-12-30 04:00:00,192.2,193.0,190.7,190.7,14544.217694300518
2022-12-30 04:15:00,190.4,193.0,190.3,193.0,30537.888800840337
2022-12-30 04:30:00,193.0,193.2,189.3,190.9,34187.11236609655
2022-12-30 04:45:00,191.2,192.2,183.0,188.0,129798.6462
2022-12-30 05:00:00,187.1,188.0,182.7,185.8,679.7375
2022-12-30 05:15:00,184.2,188.0,182.5,188.0,42162.29384893617
2022-12-30 05:30:00,188.0,193.2,182.0,184.1,41165.8822
2022-12-30 05:45:00,182.3,184.1,181.7,183.2,38054.75684581073
2022-12-30 06:00:00,182.0,191.6,181.7,183.2,124486.84839124564
2022-12-30 06:15:00,183.3,188.2,182.6,185.2,13214.5433
2022-12-30 06:30:00,185.2,186.0,183.4,183.6,37114.80290906149
2022-12-30 06:45:00,183.5,186.0,183.5,185.9,39421.4968
2022-12-30 07:00:00,185.2,185.2,180.6,183.8,112618.92130737528
2022-12-30 07:15:00,183.8,185.0,182.0,184.3,23524.0443
2022-12-30 07:30:00,184.9,188.9,184.9,187.2,35915.6139
2022-12-30 07:45:00,187.2,189.0,185.3,185.3,52392.9123
2022-12-30 08:00:00,185.3,185.3,181.2,183.2,208693.1509294309
2022-12-30 08:15:00,183.2,188.0,183.2,185.2,55322.9935
2022-12-30 08:30:00,184.1,189.9,184.1,188.5,45147.44291506056
2022-12-30 08:45:00,188.5,190.8,185.2,185.2,31735.3582
2022-12-30 09:00:00,185.7,188.2,184.1,186.2,8205.4373
2022-12-30 09:15:00,186.2,188.2,185.0,185.0,16812.8977
2022-12-30 09:30:00,185.0,190.8,184.3,184.4,51946.364921645705
2022-12-30 09:45:00,184.4,186.2,184.4,184.4,26369.3819
2022-12-30 10:00:00,186.2,189.1,185.2,186.2,13170.0882
2022-12-30 10:15:00,186.2,190.5,185.7,189.2,39122.2769
2022-12-30 10:30:00,189.1,189.1,184.4,186.2,55359.9278
2022-12-30 10:45:00,186.2,188.2,185.4,188.2,10261.6115
2022-12-30 11:00:00,188.1,190.3,185.0,187.2,24429.1975
2022-12-30 11:15:00,188.2,189.2,187.4,188.6,30409.2975
2022-12-30 11:30:00,188.2,195.2,188.2,188.2,117978.22999789636
2022-12-30 11:45:00,192.2,194.0,188.5,188.5,25444.965575
2022-12-30 12:00:00,190.2,193.2,186.4,189.1,42533.86439608673
2022-12-30 12:15:00,187.2,191.4,185.0,189.2,20472.3248
2022-12-30 12:30:00,188.2,190.9,185.7,189.2,31997.4363
2022-12-30 12:45:00,189.2,193.2,188.2,192.0,165309.66121633453
2022-12-30 13:00:00,191.3,192.2,188.6,190.6,81520.62801363163
2022-12-30 13:15:00,190.6,192.0,188.4,192.0,69070.7853
2022-12-30 13:30:00,191.9,192.5,188.5,190.2,12582.4703
2022-12-30 13:45:00,189.2,191.8,187.3,190.1,84974.5615561001
2022-12-30 14:00:00,189.9,190.1,187.5,190.1,22822.5493
2022-12-30 14:15:00,188.3,190.7,187.8,188.1,12728.4453
2022-12-30 14:30:00,188.0,191.2,188.0,190.2,24982.5944987315
2022-12-30 14:45:00,190.2,191.0,186.2,191.0,64244.262967015704
2022-12-30 15:00:00,189.2,189.3,185.5,187.1,55941.92806353066
2022-12-30 15:15:00,187.2,188.3,185.5,185.7,77651.91334397238
2022-12-30 15:30:00,185.7,188.2,185.7,188.2,9381.248286103944
2022-12-30 15:45:00,188.2,191.0,185.7,190.5,57827.950593371395
2022-12-30 16:00:00,189.2,190.1,187.2,189.9,4581.579
2022-12-30 16:15:00,190.2,190.9,186.1,190.2,25682.9961
2022-12-30 16:30:00,189.2,189.3,184.4,184.7,99522.0196
2022-12-30 16:45:00,184.4,185.2,183.3,185.2,46995.76199446855
2022-12-30 17:00:00,185.2,185.2,183.5,185.2,27086.1493
2022-12-30 17:15:00,185.2,187.6,183.2,186.6,11589.494729029557
2022-12-30 17:30:00,185.2,185.8,180.2,183.4,67502.61488165038
2022-12-30 17:45:00,184.2,184.2,181.5,183.2,19208.9912
2022-12-30 18:00:00,183.2,185.2,181.5,185.2,21089.575405183587
2022-12-30 18:15:00,185.2,185.6,184.2,185.4,20721.45908275862
2022-12-30 18:30:00,185.5,186.7,185.4,185.4,16912.0034
2022-12-30 18:45:00,186.7,187.2,185.4,186.7,3306.6119
2022-12-30 19:00:00,187.2,189.0,187.2,189.0,5726.604752910053
2022-12-30 19:15:00,187.4,189.9,187.4,189.2,10665.6181
2022-12-30 19:30:00,189.2,189.2,184.3,188.9,65423.2398
2022-12-30 19:45:00,188.8,188.8,185.6,187.2,7182.1246
2022-12-30 20:00:00,187.2,187.2,184.1,184.1,6893.8331
2022-12-30 20:15:00,185.2,189.9,184.3,186.2,13254.346920168955
2022-12-30 20:30:00,187.2,189.0,186.2,189.0,704.3409367195767
2022-12-30 20:45:00,187.2,188.7,184.5,188.7,5364.7331078961315
2022-12-30 21:00:00,188.6,188.9,185.4,188.9,11999.7764
2022-12-30 21:15:00,188.9,189.0,186.3,189.0,52723.606468783066
2022-12-30 21:30:00,189.1,189.1,186.3,186.3,11123.302307297727
2022-12-30 21:45:00,186.3,189.1,186.3,189.1,13649.863557271285
2022-12-30 22:00:00,189.1,195.1,187.3,190.6,43823.37926325761
2022-12-30 22:15:00,191.6,195.0,190.3,192.9,20346.711518321546
2022-12-30 22:30:00,192.9,193.2,189.2,192.2,32181.80784480402
2022-12-30 22:45:00,191.2,192.6,189.4,191.2,20108.287645010394
2022-12-30 23:00:00,192.2,192.9,186.7,191.2,36966.5949
2022-12-30 23:15:00,192.2,192.7,186.9,189.2,5709.104427278403
2022-12-30 23:30:00,190.2,190.2,188.2,190.0,12224.5479
2022-12-30 23:45:00,190.2,192.7,190.2,192.7,67943.94055358255
2022-12-31 00:00:00,192.7,222.7,190.1,216.6,1176506.8634366146
2022-12-31 00:15:00,216.3,232.0,212.2,226.6,1902121.6330948505
2022-12-31 00:30:00,225.9,230.1,214.0,218.3,1175452.6501839957
2022-12-31 00:45:00,217.8,220.4,212.5,218.4,212482.02770789378
2022-12-31 01:00:00,216.7,218.3,209.2,215.0,327106.0679809039
2022-12-31 01:15:00,215.9,217.2,212.4,214.7,132782.91058753803
2022-12-31 01:30:00,215.4,216.5,209.1,212.3,208532.7965677357
2022-12-31 01:45:00,212.3,214.2,210.6,212.3,20438.5725
2022-12-31 02:00:00,212.3,216.0,212.1,216.0,82457.92155907408
2022-12-31 02:15:00,216.0,216.0,212.4,215.3,27664.8133919647
2022-12-31 02:30:00,215.2,215.2,210.6,213.6,82756.84092565055
2022-12-31 02:45:00,213.5,218.7,211.6,217.3,103716.41822662667
2022-12-31 03:00:00,217.6,217.6,213.8,213.8,25529.829016283347
2022-12-31 03:15:00,213.5,216.7,213.5,215.6,20733.1132
2022-12-31 03:30:00,215.6,216.6,213.5,214.5,37257.4121
2022-12-31 03:45:00,215.6,217.3,213.3,216.2,46123.00092471238
2022-12-31 04:00:00,216.8,216.9,208.8,214.5,146245.9663
2022-12-31 04:15:00,212.3,212.3,203.1,208.6,131808.3857
2022-12-31 04:30:00,208.4,216.4,204.7,210.0,23346.75145478927
2022-12-31 04:45:00,210.0,213.1,209.0,213.1,8416.3916
2022-12-31 05:00:00,212.9,214.0,208.0,212.1,34053.4649
2022-12-31 05:15:00,211.6,214.0,205.8,205.8,125718.73547065421
2022-12-31 05:30:00,205.9,211.7,205.9,210.6,10683.265106224406
2022-12-31 05:45:00,209.1,211.7,206.5,206.8,36638.15391114785
2022-12-31 06:00:00,206.9,211.4,206.9,207.6,33195.26804257332
2022-12-31 06:15:00,207.5,211.3,205.2,206.9,49977.8023
2022-12-31 06:30:00,206.8,216.6,206.8,214.2,53787.02236920098
2022-12-31 06:45:00,214.2,221.1,209.5,214.5,211026.17005492374
2022-12-31 07:00:00,213.5,218.1,209.6,213.0,107072.3359
2022-12-31 07:15:00,213.0,215.3,209.2,209.7,76288.70105666512
2022-12-31 07:30:00,209.7,214.1,208.2,209.0,74103.5449
2022-12-31 07:45:00,209.0,210.1,207.1,208.9,81391.9252
2022-12-31 08:00:00,208.9,212.3,207.3,212.2,237687.31090970326
2022-12-31 08:15:00,210.1,217.8,209.0,215.4,100982.29012352161
2022-12-31 08:30:00,215.3,215.4,210.1,213.6,131948.0649
2022-12-31 08:45:00,213.6,213.8,211.5,213.7,25494.249
2022-12-31 09:00:00,213.7,217.8,212.1,213.4,57776.82909738575
2022-12-31 09:15:00,212.3,214.4,204.0,204.3,117427.782
2022-12-31 09:30:00,204.3,213.9,195.6,199.3,325441.4492
2022-12-31 09:45:00,199.3,204.3,198.3,198.4,139882.09263333332
2022-12-31 10:00:00,198.5,202.5,198.5,201.9,116756.1031
2022-12-31 10:15:00,201.9,204.2,199.0,200.2,169404.15729933963
2022-12-31 10:30:00,199.2,199.2,180.1,182.8,537213.1598697861
2022-12-31 10:45:00,185.2,187.0,182.6,187.0,205807.46417615176
2022-12-31 11:00:00,187.0,187.0,182.1,183.2,75500.4623741038
2022-12-31 11:15:00,184.2,193.8,184.2,189.6,136125.588
2022-12-31 11:30:00,189.6,189.6,183.4,186.2,46680.88867679914
2022-12-31 11:45:00,186.2,188.0,184.4,184.4,30907.6887
2022-12-31 12:00:00,184.2,188.7,184.0,184.7,75126.95758786434
2022-12-31 12:15:00,186.2,188.7,185.6,185.6,14246.3865
2022-12-31 12:30:00,185.6,188.7,185.6,188.7,10952.1967
2022-12-31 12:45:00,188.2,198.2,188.2,191.2,147963.83550953347
2022-12-31 13:00:00,192.2,197.2,189.9,191.2,52237.4187
2022-12-31 13:15:00,191.2,193.2,188.2,191.2,40524.3211
2022-12-31 13:30:00,192.2,196.2,192.2,195.0,13634.223168331566
2022-12-31 13:45:00,195.0,195.2,192.4,192.4,34218.11005641026
2022-12-31 14:00:00,192.4,196.2,191.3,194.1,14518.262448114168
2022-12-31 14:15:00,194.1,196.1,194.1,195.9,2229.834
2022-12-31 14:30:00,194.2,194.2,193.2,193.2,1835.0823
2022-12-31 14:45:00,192.5,193.9,192.5,192.5,12390.751366219702
2022-12-31 15:00:00,193.8,196.1,192.6,194.2,21210.2993
2022-12-31 15:15:00,195.2,196.1,193.8,193.8,19229.517
2022-12-31 15:30:00,193.2,196.1,192.8,195.2,28352.8723
2022-12-31 15:45:00,195.4,195.8,192.5,195.1,8254.1471
2022-12-31 16:00:00,195.0,195.2,193.2,193.2,10986.2307
2022-12-31 16:15:00,194.9,194.9,191.4,193.2,18153.034545664443
2022-12-31 16:30:00,194.2,194.9,191.2,191.2,58123.670261506275
2022-12-31 16:45:00,192.2,193.2,188.2,188.2,59722.9429
2022-12-31 17:00:00,189.2,191.3,188.3,190.4,5026.0187
2022-12-31 17:15:00,191.2,193.0,190.8,190.9,29206.011830431744
2022-12-31 17:30:00,192.2,193.1,191.5,191.5,20395.831137338166
2022-12-31 17:45:00,191.5,191.5,190.4,190.4,3622.6195122715403
2022-12-31 18:00:00,190.4,190.4,188.7,190.2,3506.3049
2022-12-31 18:15:00,190.2,190.2,188.7,188.7,9455.6501
2022-12-31 18:30:00,188.7,190.0,188.7,190.0,6670.6671
2022-12-31 18:45:00,190.2,191.6,190.0,191.6,15722.0551
2022-12-31 19:00:00,191.6,193.5,190.3,193.5,23712.447889354004
2022-12-31 19:15:00,192.2,193.2,188.8,189.2,62287.9054
2022-12-31 19:30:00,189.2,199.4,189.2,198.2,41594.77966459616
2022-12-31 19:45:00,198.2,199.0,192.7,194.2,60047.20511281266
2022-12-31 20:00:00,193.2,196.9,190.2,193.2,30618.73315564989
2022-12-31 20:15:00,193.4,193.4,191.0,191.2,18736.0499
2022-12-31 20:30:00,192.2,193.2,191.3,193.2,14626.0253
2022-12-31 20:45:00,193.2,193.2,193.2,193.2,3138.9326
2022-12-31 21:00:00,193.2,193.2,191.3,191.3,24283.917366459627
2022-12-31 21:15:00,191.3,198.5,191.3,197.2,16017.152600694026
2022-12-31 21:30:00,196.3,196.3,191.2,192.7,2790.2166114686042
2022-12-31 21:45:00,194.2,195.7,191.3,192.9,22146.4371
2022-12-31 22:00:00,193.0,193.0,192.8,192.8,1142.512
2022-12-31 22:15:00,191.4,196.5,190.2,196.5,42217.279133713695
2022-12-31 22:30:00,196.5,196.5,191.8,192.2,14833.881559866735
2022-12-31 22:45:00,191.9,193.2,191.2,193.0,7629.2418
2022-12-31 23:00:00,193.0,193.0,186.3,192.0,95832.73615495287
2022-12-31 23:15:00,191.6,201.0,187.3,198.9,109953.17488016702
2022-12-31 23:30:00,198.9,202.2,196.2,196.2,17912.224988140704
2022-12-31 23:45:00,197.2,200.1,193.2,198.2,19703.19739315
2023-01-01 00:00:00,197.2,200.0,191.0,200.0,46870.8075
2023-01-01 00:15:00,200.0,200.0,191.7,197.2,79370.9916
2023-01-01 00:30:00,196.2,196.2,191.2,194.7,124399.9090063655
2023-01-01 00:45:00,195.2,195.3,194.7,195.3,4887.4093
2023-01-01 01:00:00,195.2,197.2,194.8,196.9,4180.456682744496
2023-01-01 01:15:00,197.7,199.5,197.2,199.5,63404.1686360401
2023-01-01 01:30:00,199.4,199.4,191.9,192.4,33042.468988277265
2023-01-01 01:45:00,194.2,194.2,194.2,194.2,1365.4483
2023-01-01 02:00:00,194.2,198.2,194.2,198.2,1293.85148950555
2023-01-01 02:15:00,197.2,198.2,192.7,192.8,10956.17407850656
2023-01-01 02:30:00,194.2,197.2,194.2,197.2,250.1469306795132
2023-01-01 02:45:00,195.2,195.2,193.1,195.2,210.7873
2023-01-01 03:00:00,195.2,197.2,195.2,197.2,2077.2845
2023-01-01 03:15:00,197.2,197.2,196.2,196.2,4872.4486
2023-01-01 04:15:00,195.7,195.7,195.5,195.5,10989.3955
2023-01-01 04:30:00,195.5,197.1,195.5,195.5,13782.823716641298
2023-01-01 04:45:00,195.5,195.5,194.2,194.2,5592.8162
2023-01-01 05:00:00,194.1,194.1,191.8,191.9,16725.0844
2023-01-01 05:15:00,193.2,194.9,193.1,193.1,7116.7029
2023-01-01 05:30:00,192.2,192.2,192.2,192.2,62.4299
2023-01-01 05:45:00,192.2,192.2,186.3,189.2,36103.7417
2023-01-01 06:00:00,186.8,192.2,186.4,192.2,30796.8596
2023-01-01 06:15:00,192.2,194.2,192.2,193.2,20007.1677
2023-01-01 06:30:00,192.2,192.2,187.1,190.2,9986.6687
2023-01-01 06:45:00,191.1,191.1,191.0,191.0,9863.2852
2023-01-01 07:00:00,189.2,191.0,189.2,191.0,11.1859
2023-01-01 07:15:00,189.4,190.0,189.4,189.7,6634.7727
2023-01-01 07:30:00,189.9,189.9,189.9,189.9,2071.12
2023-01-01 07:45:00,190.8,194.0,190.8,192.2,436.3457
2023-01-01 08:00:00,191.2,191.2,190.8,190.8,217.9625
2023-01-01 08:15:00,190.2,190.9,189.2,189.2,14977.17976979549
2023-01-01 08:30:00,189.2,190.2,188.9,190.2,11518.0074
2023-01-01 08:45:00,190.2,190.2,188.8,189.2,44110.833
